node_id,node_type,longitude,latitude,x_coord,y_coord,demand,original_cluster,count,description
1,depot,104.07,30.67,10407000,3067000,0,depot,0,成都市交管局(仓库)
2,customer,104.11402538961038,30.57949561688312,10411402,3057949,1,0,154,客户节点(原聚类0)
3,customer,103.70156645433256,30.60254399297424,10370156,3060254,1,3,427,客户节点(原聚类3)
4,customer,103.96947527480916,30.649572986641225,10396947,3064957,1,4,524,客户节点(原聚类4)
5,customer,104.06980612765956,30.768512237588656,10406980,3076851,1,5,282,客户节点(原聚类5)
6,customer,103.91301821052632,30.6309135645933,10391301,3063091,1,6,209,客户节点(原聚类6)
7,customer,104.4890489017094,30.493646824786325,10448904,3049364,1,7,234,客户节点(原聚类7)
8,customer,103.46010848850574,30.74705225287357,10346010,3074705,1,8,174,客户节点(原聚类8)
9,customer,104.09344776623377,30.58136151688312,10409344,3058136,1,9,385,客户节点(原聚类9)
10,customer,104.24278369738865,30.650562049155145,10424278,3065056,1,11,651,客户节点(原聚类11)
11,customer,103.85023402985074,30.43744689552239,10385023,3043744,1,12,134,客户节点(原聚类12)
12,customer,104.1835465394737,30.710591881578942,10418354,3071059,1,13,152,客户节点(原聚类13)
13,customer,104.04417254545451,30.44605416804407,10404417,3044605,1,14,363,客户节点(原聚类14)
14,customer,104.333234372549,30.644500784313724,10433323,3064450,1,15,102,客户节点(原聚类15)
15,customer,103.98844792079208,30.627720386138616,10398844,3062772,1,17,101,客户节点(原聚类17)
16,customer,104.2215278567775,30.638818685422,10422152,3063881,1,19,391,客户节点(原聚类19)
17,customer,104.20314207773389,30.7260595085639,10420314,3072605,1,20,759,客户节点(原聚类20)
18,customer,103.90541840566036,30.810542660377354,10390541,3081054,1,23,106,客户节点(原聚类23)
19,customer,104.17292250276242,30.48429729281768,10417292,3048429,1,24,181,客户节点(原聚类24)
20,customer,103.8592308181818,30.827532181818174,10385923,3082753,1,26,143,客户节点(原聚类26)
21,customer,103.66127263214284,30.96116708928571,10366127,3096116,1,27,280,客户节点(原聚类27)
22,customer,104.11300262834224,30.752208248663106,10411300,3075220,1,29,374,客户节点(原聚类29)
23,customer,104.13506198529412,30.805922066176475,10413506,3080592,1,31,136,客户节点(原聚类31)
24,customer,104.17873965760867,30.782923722826087,10417873,3078292,1,33,184,客户节点(原聚类33)
25,customer,104.235423880226,30.646510957062144,10423542,3064651,1,34,885,客户节点(原聚类34)
26,customer,103.89653706060604,30.666402822510825,10389653,3066640,1,36,231,客户节点(原聚类36)
27,customer,104.09599668027212,30.541071605442177,10409599,3054107,1,37,147,客户节点(原聚类37)
28,customer,103.93802987534887,30.6144456744186,10393802,3061444,1,38,1075,客户节点(原聚类38)
29,customer,103.91726386666666,30.683909044444444,10391726,3068390,1,39,315,客户节点(原聚类39)
30,customer,104.50925768867924,30.35358016509434,10450925,3035358,1,42,212,客户节点(原聚类42)
31,customer,103.93572783682008,30.90550717573221,10393572,3090550,1,43,478,客户节点(原聚类43)
32,customer,104.31939871586717,30.27693305904059,10431939,3027693,1,44,271,客户节点(原聚类44)
33,customer,104.05078728215769,30.47619656016597,10405078,3047619,1,45,241,客户节点(原聚类45)
34,customer,104.04116329824562,30.59339914035088,10404116,3059339,1,47,171,客户节点(原聚类47)
35,customer,103.9815059952381,30.785177909523807,10398150,3078517,1,48,210,客户节点(原聚类48)
36,customer,103.65474015686272,30.92640493464052,10365474,3092640,1,50,153,客户节点(原聚类50)
37,customer,104.1648274726477,30.65872395623632,10416482,3065872,1,52,457,客户节点(原聚类52)
38,customer,104.2239316891892,30.566425560810817,10422393,3056642,1,53,148,客户节点(原聚类53)
39,customer,103.89985592857144,30.835308953416156,10389985,3083530,1,54,322,客户节点(原聚类54)
40,customer,104.32650326860843,30.860194233009707,10432650,3086019,1,55,309,客户节点(原聚类55)
41,customer,103.92318452320674,30.716974940928267,10392318,3071697,1,56,237,客户节点(原聚类56)
42,customer,104.17658267954546,30.71757508636364,10417658,3071757,1,57,440,客户节点(原聚类57)
43,customer,104.16155698773008,30.5997005398773,10416155,3059970,1,58,163,客户节点(原聚类58)
44,customer,104.22533313679246,30.79309671226415,10422533,3079309,1,60,424,客户节点(原聚类60)
45,customer,103.8140302981878,30.632759212520583,10381403,3063275,1,63,607,客户节点(原聚类63)
46,customer,104.06129056589148,30.418768961240307,10406129,3041876,1,64,129,客户节点(原聚类64)
47,customer,103.88346452059923,30.66592425468165,10388346,3066592,1,65,267,客户节点(原聚类65)
48,customer,104.00748370404985,30.5916172305296,10400748,3059161,1,67,321,客户节点(原聚类67)
49,customer,103.86136108415842,30.803989534653457,10386136,3080398,1,69,202,客户节点(原聚类69)
50,customer,104.04686685714285,30.427839168831174,10404686,3042783,1,72,308,客户节点(原聚类72)
51,customer,104.24403440552015,30.64560544585987,10424403,3064560,1,77,471,客户节点(原聚类77)
52,customer,104.06967914074072,30.691140807407404,10406967,3069114,1,82,135,客户节点(原聚类82)
53,customer,104.12526226959248,30.76947299373041,10412526,3076947,1,83,319,客户节点(原聚类83)
54,customer,103.87176654166667,30.779391071428574,10387176,3077939,1,84,168,客户节点(原聚类84)
55,customer,104.11847416144576,30.757160443373497,10411847,3075716,1,86,415,客户节点(原聚类86)
56,customer,104.39211358525344,30.28422050691244,10439211,3028422,1,88,217,客户节点(原聚类88)
57,customer,103.90906231620554,30.543397,10390906,3054339,1,91,253,客户节点(原聚类91)
58,customer,104.05603449107144,30.8478685625,10405603,3084786,1,94,112,客户节点(原聚类94)
59,customer,104.09978046456692,30.467145677165355,10409978,3046714,1,96,127,客户节点(原聚类96)
60,customer,104.16599763265306,30.71244035374149,10416599,3071244,1,98,147,客户节点(原聚类98)
61,customer,103.88701902645502,30.528522206349205,10388701,3052852,1,100,189,客户节点(原聚类100)
62,customer,104.2554831818182,30.5311901322314,10425548,3053119,1,101,121,客户节点(原聚类101)
63,customer,104.308686314554,30.86528917840376,10430868,3086528,1,104,213,客户节点(原聚类104)
64,customer,104.32353095348836,30.64502876744186,10432353,3064502,1,107,258,客户节点(原聚类107)
65,customer,104.0501873888889,30.541177277777777,10405018,3054117,1,108,252,客户节点(原聚类108)
66,customer,103.8931239112426,30.513733396449705,10389312,3051373,1,110,169,客户节点(原聚类110)
67,customer,103.9577220503597,30.66269231654676,10395772,3066269,1,111,139,客户节点(原聚类111)
68,customer,103.553179136,30.22105188,10355317,3022105,1,112,125,客户节点(原聚类112)
69,customer,103.88831729113924,30.556385297468356,10388831,3055638,1,114,158,客户节点(原聚类114)
70,customer,103.93811015566038,30.619293834905665,10393811,3061929,1,116,212,客户节点(原聚类116)
71,customer,104.18488992962963,30.718331477777777,10418488,3071833,1,122,270,客户节点(原聚类122)
72,customer,104.21479781900454,30.58311621719457,10421479,3058311,1,123,221,客户节点(原聚类123)
73,customer,103.9026083119266,30.65840009174312,10390260,3065840,1,125,218,客户节点(原聚类125)
74,customer,104.07992212925171,30.513089870748296,10407992,3051308,1,126,147,客户节点(原聚类126)
75,customer,104.23773920576132,30.652988045267488,10423773,3065298,1,128,243,客户节点(原聚类128)
76,customer,103.9693664347826,30.36650954347826,10396936,3036650,1,129,138,客户节点(原聚类129)
77,customer,104.19841248148148,30.582039835978836,10419841,3058203,1,134,189,客户节点(原聚类134)
78,customer,103.96477253271028,30.637029700934576,10396477,3063702,1,135,214,客户节点(原聚类135)
79,customer,103.91271038728324,30.824754578034685,10391271,3082475,1,141,173,客户节点(原聚类141)
80,customer,104.12013852808988,30.772941893258427,10412013,3077294,1,142,178,客户节点(原聚类142)
81,customer,103.87998261111112,30.404369563492065,10387998,3040436,1,143,126,客户节点(原聚类143)
82,customer,103.97212155752212,30.54226263716814,10397212,3054226,1,147,113,客户节点(原聚类147)
83,customer,104.31206318,30.298673806666667,10431206,3029867,1,148,150,客户节点(原聚类148)
84,customer,103.4985302154696,30.568848607734807,10349853,3056884,1,150,181,客户节点(原聚类150)
85,customer,104.16881985448916,30.741388650154803,10416881,3074138,1,153,323,客户节点(原聚类153)
86,customer,104.25476975949366,30.859242151898734,10425476,3085924,1,155,158,客户节点(原聚类155)
87,customer,103.83827320873787,30.35929324757281,10383827,3035929,1,160,206,客户节点(原聚类160)
88,customer,104.51286858778629,30.420405694656488,10451286,3042040,1,161,131,客户节点(原聚类161)
89,customer,104.07107974183006,30.72556249019608,10407107,3072556,1,163,306,客户节点(原聚类163)
90,customer,103.87067436036035,30.7021122972973,10387067,3070211,1,164,111,客户节点(原聚类164)
91,customer,104.1068787307692,30.491270750000005,10410687,3049127,1,166,104,客户节点(原聚类166)
92,customer,104.20357254761905,30.731780952380948,10420357,3073178,1,175,126,客户节点(原聚类175)
93,customer,104.07764375739644,30.79474822485207,10407764,3079474,1,176,169,客户节点(原聚类176)
94,customer,103.86715685087717,30.53506152631579,10386715,3053506,1,182,114,客户节点(原聚类182)
95,customer,104.17081291275169,30.61523061073825,10417081,3061523,1,186,149,客户节点(原聚类186)
96,customer,103.95988815950922,30.51740453374233,10395988,3051740,1,187,163,客户节点(原聚类187)
97,customer,103.97767018888888,30.68851279444444,10397767,3068851,1,189,180,客户节点(原聚类189)
98,customer,103.561045300813,30.748746918699183,10356104,3074874,1,193,123,客户节点(原聚类193)
99,customer,103.91443659398496,30.675784180451128,10391443,3067578,1,195,133,客户节点(原聚类195)
100,customer,103.67853532270917,31.02964724701195,10367853,3102964,1,196,251,客户节点(原聚类196)
101,customer,104.21427097474746,30.651410297979798,10421427,3065141,1,200,198,客户节点(原聚类200)
102,customer,104.32729362790698,30.306558796511624,10432729,3030655,1,205,172,客户节点(原聚类205)
103,customer,103.91636715555556,30.369295192592592,10391636,3036929,1,208,135,客户节点(原聚类208)
104,customer,104.08361589690722,30.45560178350516,10408361,3045560,1,209,194,客户节点(原聚类209)
105,customer,103.95232023913044,30.427984108695654,10395232,3042798,1,211,184,客户节点(原聚类211)
106,customer,104.31576187128714,30.302894633663364,10431576,3030289,1,212,101,客户节点(原聚类212)
107,customer,104.2261468190476,30.52520763809524,10422614,3052520,1,222,105,客户节点(原聚类222)
108,customer,103.50587602752294,30.559128339449543,10350587,3055912,1,229,109,客户节点(原聚类229)
109,customer,104.31870083823527,30.861166058823528,10431870,3086116,1,250,136,客户节点(原聚类250)
110,customer,104.11589743137256,30.584334901960784,10411589,3058433,1,264,102,客户节点(原聚类264)
111,customer,104.52210300000002,30.42985798870057,10452210,3042985,1,268,177,客户节点(原聚类268)
112,customer,104.092525875,30.524203205357143,10409252,3052420,1,275,112,客户节点(原聚类275)
113,customer,103.79696492957744,30.64491311267606,10379696,3064491,1,292,142,客户节点(原聚类292)
114,customer,104.10622578518516,30.58727851851852,10410622,3058727,1,304,135,客户节点(原聚类304)
115,customer,104.10935508917196,30.50679420382165,10410935,3050679,1,311,157,客户节点(原聚类311)
116,customer,103.92114465068494,30.703001849315072,10392114,3070300,1,334,146,客户节点(原聚类334)
117,customer,104.1495258,30.62258522,10414952,3062258,1,342,100,客户节点(原聚类342)
118,customer,103.67759684126982,30.338803365079364,10367759,3033880,1,358,126,客户节点(原聚类358)
