n,method,objective_mean,objective_sd,travel_mean,robust_penalty_mean,visit_rate_mean_pct,runtime_mean,runs
40,POMO-NS,81108.08882776991,7063.727150951027,26580.836824356153,54527.25200341377,81.94444444444444,5.001768366666915,9
40,POMO-2opt,90031.59288691865,7416.909992500357,26739.14353508354,63292.449351835116,80.55555555555556,0.8323804222228419,9
40,POMO,90050.84394257868,7436.914844700902,26758.394590743563,63292.449351835116,80.55555555555556,0.832729744444805,9
40,Greedy-MNS,97454.15350359787,13802.977639802528,27378.990342236753,70075.16316136112,71.66666666666667,5.001406866667417,9
80,POMO-NS,178413.45014063895,37913.411554237915,39776.31155414329,138637.13858649565,74.58333333333333,5.0026545666676405,9
80,POMO-2opt,192442.51959428194,52365.56616821521,39615.723608453445,152826.7959858285,73.19444444444444,2.3985356999999365,9
80,POMO,192639.4425718271,52188.345743165555,39812.64658599862,152826.7959858285,73.19444444444444,2.383936644444071,9
80,Greedy-MNS,563236.5706535104,6941.818264312778,8698.722540908973,554537.8481126014,7.361111111111111,5.673886088888846,9
120,POMO-NS,263970.72942919104,35065.02725794888,50438.14753387518,213532.58189531587,75.92592592592592,5.042158733333458,9
120,POMO-2opt,265046.30796726857,33965.22939088185,50473.368838812086,214572.93912845643,75.74074074074073,4.099190666666497,9
120,POMO,265131.6188167309,33976.12200759773,50558.67968827447,214572.93912845643,75.74074074074073,4.071463533333978,9
120,Greedy-MNS,1003412.9387043557,9526.91633812476,6299.076604008787,997113.8621003468,2.5,6.131442166666805,9
