instance,n,vehicles,route_budget,status,runtime,nodes_explored,objective,bound,mip_gap_pct,travel,robust_penalty,visited,routes
n10_r1,10,2,6911.044953138614,integer optimal solution,12.06742839999788,318.0,63484.37580062015,63484.37580062015,0.0,12307.35480901968,51176.94134754216,4,"[[3], [6, 8, 4]]"
n10_r2,10,2,8189.481057878271,integer optimal solution,0.3241888000011386,47.0,34190.35325721159,34190.35325721159,0.0,8076.585422935037,26113.767835997493,7,"[[4, 5, 6, 7, 8, 1, 3], []]"
n10_r3,10,2,9747.613957416399,integer optimal solution,7.903341799999907,1209.0,49341.5053144643,49341.5053144643,0.0,17088.053342810003,32253.405748188714,8,"[[1, 0, 2, 4], [8, 7, 5, 9]]"
n15_r1,15,2,8788.668256010624,time limit exceeded,60.13795050000044,710.0,58807.39946872847,39826.378276,32.276586559182654,16972.35805719209,41834.971793361634,11,"[[5, 9, 6, 8, 1, 7, 12, 13], [10, 4, 11]]"
n15_r2,15,2,12328.971851442531,time limit exceeded,60.0711607000012,31211.0,35869.10462940337,35529.40458,0.947054722756879,22619.223535779456,13249.822529000981,14,"[[12, 2, 10, 1, 13, 9, 3, 11], [8, 5, 14, 0, 6, 4]]"
n15_r3,15,2,7695.81969327134,time limit exceeded,60.15711799999917,1235.0,46624.93399907012,34349.176342,26.32874001991069,14514.084873602173,32110.708457359728,11,"[[8, 4, 12, 11, 6, 10, 13, 2], [5, 9, 0]]"
n20_r1,20,2,11993.08826596658,time limit exceeded,60.09364110000024,4390.0,128809.30272225176,42673.533205,66.8707676362352,21656.408916844182,107152.69686171747,13,"[[1, 2, 6, 3, 8, 19, 7, 15], [5, 16, 4, 11, 9]]"
n20_r2,20,2,12027.496634837082,time limit exceeded,60.10137519999989,10200.0,78149.10988487746,29975.437266,61.64327743443625,22309.83192184185,55839.01233909915,14,"[[3, 10, 12, 7, 16, 17, 8], [4, 13, 18, 15, 0, 14, 11]]"
n20_r3,20,2,15034.458066655317,time limit exceeded,60.073204799999075,8145.0,129336.11350424631,31913.541557,75.3251116858771,29115.17070554375,100220.60814348243,12,"[[15, 5, 17, 8, 9, 14, 18], [3, 19, 16, 11, 6]]"
