n,method,objective_mean,objective_sd,gap_mean_pct,gap_sd_pct,visit_rate_mean_pct,runtime_mean,runs
10,GRASP-VND,49005.36950216436,12687.15363412487,-7.304341486869777e-05,5.648751059924575e-05,63.333333333333336,5.000147888888831,9
10,ALNS-PC,49005.369502164365,12687.153634124867,-7.304341486160417e-05,5.648751060956567e-05,63.333333333333336,5.0001596777777495,9
10,ILS-VND,49005.369502164365,12687.153634124867,-7.304341486160417e-05,5.648751060956567e-05,63.333333333333336,5.00014786666644,9
10,POMO-NS,50517.98695376212,13894.06730484631,2.7896296728010053,2.48033998671341,66.66666666666667,5.000055577777352,9
15,ALNS-PC,45547.42819827969,8153.43211253572,24.148125163661515,17.445026633704696,82.22222222222223,5.000294411110291,9
15,POMO-NS,46319.272695381456,9162.055769863739,25.762086403518744,16.19222489511124,80.0,5.000185255555455,9
15,GRASP-VND,46793.90521138094,6544.506048432409,27.656422102031552,12.20454469080708,80.0,5.0001905222218035,9
15,ILS-VND,49357.74629176258,8521.808709629511,34.291553150788054,15.033639664237747,73.33333333333333,5.0001792333330535,9
20,GRASP-VND,55632.3607762008,6669.762069980234,64.67028512909047,39.57216718271051,83.33333333333333,5.028000666666129,9
20,ALNS-PC,57152.55029877184,6358.481990112663,68.20709781964526,35.46039410147669,81.66666666666667,5.000685055555045,9
20,ILS-VND,57152.55029877184,6358.481990112663,68.20709781964526,35.46039410147669,81.66666666666667,5.000416866667365,9
20,POMO-NS,58213.37033441721,11322.61017859799,73.69688883178239,54.96727482175779,81.66666666666667,5.000325922222449,9
40,POMO-NS,81108.08882776991,7063.727150951027,,,81.94444444444444,5.002261333333688,9
40,ALNS-PC,85529.02955652183,9603.362772221071,,,78.61111111111111,5.007247355555996,9
40,GRASP-VND,87594.10843921562,8681.653147400695,,,79.16666666666667,5.127174855555495,9
40,ILS-VND,95676.8412000815,11943.36769022672,,,72.5,5.001227355555279,9
80,POMO-NS,177769.56970623689,36308.04697750563,,,74.44444444444444,5.00361689999934,9
80,ILS-VND,560821.3482149203,4029.8999620386617,,,7.5,5.541405855556352,9
80,ALNS-PC,565675.7766203148,9673.489032436719,,,7.222222222222222,5.397015066666629,9
80,GRASP-VND,619061.7254953097,28883.303828468892,,,7.222222222222222,5.640208788888332,9
120,POMO-NS,263987.1336257047,35080.53710902767,,,75.92592592592592,5.04488731111188,9
120,ALNS-PC,1003412.9387043557,9526.91633812476,,,2.5,6.146541311110923,9
120,ILS-VND,1009397.7311043092,24095.954388149254,,,2.4074074074074074,5.94216644444532,9
120,GRASP-VND,1109718.4890718258,34473.049692606764,,,2.4074074074074074,6.122643077776754,9
