instance,n,vehicles,route_budget,epsilon,penalty_scale,node_ids
n10_r1,10,2,6911.044953138614,0.1,100000.0,"[115, 71, 239, 21, 149, 73, 138, 144, 82, 206]"
n10_r2,10,2,8189.481057878271,0.1,100000.0,"[229, 78, 155, 210, 199, 82, 43, 93, 145, 112]"
n10_r3,10,2,9747.613957416399,0.1,100000.0,"[5, 230, 73, 124, 179, 214, 52, 197, 51, 203]"
n15_r1,15,2,8788.668256010624,0.1,100000.0,"[174, 187, 62, 112, 21, 136, 127, 170, 111, 121, 227, 54, 243, 24, 173]"
n15_r2,15,2,12328.971851442531,0.1,100000.0,"[182, 153, 215, 9, 95, 247, 90, 151, 47, 209, 14, 79, 42, 120, 203]"
n15_r3,15,2,7695.81969327134,0.1,100000.0,"[1, 118, 238, 234, 126, 116, 166, 211, 121, 18, 68, 48, 50, 209, 202]"
n20_r1,20,2,11993.08826596658,0.1,100000.0,"[212, 227, 100, 13, 181, 74, 179, 171, 78, 206, 175, 8, 113, 105, 3, 228, 109, 83, 234, 66]"
n20_r2,20,2,12027.496634837082,0.1,100000.0,"[45, 143, 208, 110, 12, 186, 146, 214, 162, 34, 67, 168, 50, 226, 35, 169, 197, 205, 71, 148]"
n20_r3,20,2,15034.458066655317,0.1,100000.0,"[33, 244, 45, 182, 83, 79, 69, 172, 81, 102, 64, 189, 28, 142, 48, 44, 170, 130, 92, 234]"
n40_r1,40,2,15643.018791050572,0.1,100000.0,"[67, 70, 243, 149, 33, 230, 82, 205, 71, 116, 128, 168, 61, 177, 216, 109, 129, 134, 40, 1, 32, 21, 190, 211, 11, 145, 160, 188, 105, 247, 194, 133, 207, 124, 75, 101, 106, 12, 41, 233]"
n40_r2,40,2,13035.172359492706,0.1,100000.0,"[194, 247, 45, 165, 203, 63, 187, 245, 7, 215, 123, 227, 106, 16, 14, 77, 202, 91, 94, 49, 200, 87, 95, 39, 205, 127, 53, 13, 158, 42, 242, 171, 9, 82, 195, 116, 115, 177, 196, 244]"
n40_r3,40,2,13989.941439714567,0.1,100000.0,"[19, 176, 59, 114, 105, 115, 25, 215, 117, 152, 39, 213, 189, 205, 182, 57, 77, 185, 76, 153, 45, 27, 171, 36, 110, 230, 14, 29, 141, 160, 122, 151, 71, 38, 241, 100, 164, 111, 187, 177]"
n80_r1,80,3,15682.753382286586,0.1,100000.0,"[85, 19, 57, 181, 182, 180, 22, 198, 188, 211, 103, 8, 70, 50, 58, 82, 215, 115, 43, 156, 246, 47, 248, 135, 239, 196, 60, 54, 124, 151, 87, 66, 155, 122, 94, 197, 31, 168, 133, 200, 138, 64, 159, 174, 74, 217, 76, 242, 34, 250, 81, 83, 67, 15, 61, 10, 107, 25, 162, 20, 218, 204, 79, 219, 149, 88, 95, 232, 171, 216, 144, 98, 147, 194, 245, 143, 23, 51, 191, 108]"
n80_r2,80,3,11438.304077656998,0.1,100000.0,"[118, 250, 209, 176, 6, 187, 86, 234, 133, 102, 33, 44, 29, 49, 55, 48, 152, 177, 193, 90, 12, 196, 239, 39, 36, 35, 96, 103, 189, 107, 42, 142, 164, 70, 182, 180, 109, 21, 245, 153, 26, 199, 170, 34, 82, 171, 3, 97, 238, 105, 135, 249, 244, 125, 92, 66, 23, 137, 231, 140, 201, 101, 167, 60, 163, 13, 79, 88, 37, 65, 114, 117, 202, 247, 242, 115, 175, 81, 172, 208]"
n80_r3,80,3,13519.968137587464,0.1,100000.0,"[222, 34, 122, 125, 72, 192, 39, 167, 96, 191, 168, 204, 147, 111, 27, 48, 209, 54, 63, 142, 43, 190, 242, 59, 153, 149, 30, 75, 239, 193, 82, 118, 31, 176, 185, 108, 93, 232, 19, 56, 218, 17, 9, 179, 50, 121, 138, 238, 134, 226, 84, 206, 95, 164, 79, 73, 51, 114, 91, 109, 104, 194, 115, 126, 198, 223, 62, 140, 150, 213, 141, 128, 3, 172, 92, 44, 165, 6, 69, 86]"
n120_r1,120,4,14611.610404062525,0.1,100000.0,"[209, 44, 3, 215, 135, 116, 182, 245, 102, 18, 32, 23, 243, 214, 236, 97, 233, 154, 162, 146, 81, 244, 83, 39, 227, 66, 188, 131, 216, 205, 247, 176, 2, 248, 150, 24, 104, 106, 58, 99, 46, 87, 7, 10, 144, 52, 174, 28, 141, 35, 229, 80, 65, 85, 170, 64, 192, 241, 238, 120, 140, 113, 199, 56, 185, 157, 218, 89, 210, 224, 149, 31, 109, 33, 136, 93, 184, 156, 1, 235, 178, 34, 163, 237, 183, 179, 8, 94, 142, 225, 175, 77, 63, 117, 172, 72, 101, 68, 92, 98, 9, 22, 111, 103, 242, 145, 181, 159, 160, 38, 115, 180, 147, 203, 16, 69, 155, 230, 198, 60]"
n120_r2,120,4,11791.620033457732,0.1,100000.0,"[216, 129, 193, 106, 209, 221, 83, 191, 67, 210, 17, 168, 19, 89, 82, 227, 121, 170, 7, 12, 248, 205, 220, 75, 176, 18, 27, 85, 172, 204, 32, 208, 59, 28, 236, 213, 26, 112, 238, 163, 33, 133, 53, 48, 109, 128, 228, 94, 190, 246, 5, 1, 38, 44, 141, 145, 143, 174, 175, 123, 199, 74, 66, 136, 115, 166, 76, 207, 215, 21, 194, 162, 203, 148, 114, 218, 197, 25, 37, 161, 73, 158, 124, 177, 223, 16, 55, 147, 249, 31, 61, 40, 35, 198, 154, 184, 14, 96, 214, 43, 243, 201, 113, 169, 206, 110, 140, 11, 180, 91, 119, 80, 39, 13, 56, 108, 235, 185, 105, 241]"
n120_r3,120,4,12384.960409123292,0.1,100000.0,"[106, 91, 151, 118, 168, 75, 162, 238, 42, 31, 183, 143, 108, 145, 213, 58, 142, 56, 64, 164, 190, 20, 160, 17, 191, 153, 40, 38, 50, 246, 89, 149, 101, 155, 122, 163, 1, 146, 188, 197, 250, 131, 239, 111, 76, 126, 221, 21, 166, 67, 45, 6, 241, 245, 13, 130, 147, 244, 57, 140, 226, 185, 173, 228, 219, 201, 78, 92, 87, 74, 95, 27, 46, 84, 235, 232, 113, 249, 199, 94, 234, 103, 200, 107, 133, 230, 61, 63, 194, 47, 119, 198, 208, 157, 73, 10, 8, 138, 11, 12, 134, 28, 93, 204, 37, 242, 158, 195, 53, 59, 4, 209, 19, 210, 35, 135, 112, 34, 54, 178]"
