instance,n,vehicles,route_budget,method,seed,optimization_epsilon,reporting_epsilon,optimized_objective,nominal_objective,objective,travel,robust_penalty,visited,visit_rate_pct,runtime,routes
n40_r1_rb,40,2,18865.59489524847,POMO-NS,20260807,0.1,0.1,37165.28910491574,32165.289104915737,37165.28910491574,24776.937655430742,12388.351449484997,36,90.0,3.0082158999975945,"[[28, 37, 26, 5, 0, 32, 6, 21, 16, 38, 17, 14, 29, 25, 3, 2, 12, 15, 24], [33, 8, 10, 34, 35, 20, 7, 27, 31, 9, 39, 19, 13, 18, 30, 36, 4]]"
n40_r1_rb,40,2,18865.59489524847,POMO-NS-nominal,20260807,0.0,0.1,32015.53272055993,32015.53272055993,37605.70266430941,24315.816229978984,13289.886434330423,35,87.5,3.002808200002619,"[[28, 37, 26, 5, 0, 32, 6, 21, 16, 38, 17, 14, 29, 25, 3, 2, 12, 15, 24], [33, 8, 10, 34, 35, 20, 7, 27, 31, 9, 39, 19, 13, 18, 30, 36]]"
n40_r1_rb,40,2,18865.59489524847,POMO-NS,20260808,0.1,0.1,37165.28910491574,32165.289104915737,37165.28910491574,24776.937655430742,12388.351449484997,36,90.0,3.0029438999990816,"[[28, 37, 26, 5, 0, 32, 6, 21, 16, 38, 17, 14, 29, 25, 3, 2, 12, 15, 24], [33, 8, 10, 34, 35, 20, 7, 27, 31, 9, 39, 19, 13, 18, 30, 36, 4]]"
n40_r1_rb,40,2,18865.59489524847,POMO-NS-nominal,20260808,0.0,0.1,32015.53272055993,32015.53272055993,37605.70266430941,24315.816229978984,13289.886434330423,35,87.5,3.0072700999990047,"[[28, 37, 26, 5, 0, 32, 6, 21, 16, 38, 17, 14, 29, 25, 3, 2, 12, 15, 24], [33, 8, 10, 34, 35, 20, 7, 27, 31, 9, 39, 19, 13, 18, 30, 36]]"
n40_r1_rb,40,2,18865.59489524847,POMO-NS,20260809,0.1,0.1,37165.28910491574,32165.289104915737,37165.28910491574,24776.937655430742,12388.351449484997,36,90.0,3.0022184000008565,"[[28, 37, 26, 5, 0, 32, 6, 21, 16, 38, 17, 14, 29, 25, 3, 2, 12, 15, 24], [33, 8, 10, 34, 35, 20, 7, 27, 31, 9, 39, 19, 13, 18, 30, 36, 4]]"
n40_r1_rb,40,2,18865.59489524847,POMO-NS-nominal,20260809,0.0,0.1,32015.53272055993,32015.53272055993,37605.70266430941,24315.816229978984,13289.886434330423,35,87.5,3.002464699999109,"[[28, 37, 26, 5, 0, 32, 6, 21, 16, 38, 17, 14, 29, 25, 3, 2, 12, 15, 24], [33, 8, 10, 34, 35, 20, 7, 27, 31, 9, 39, 19, 13, 18, 30, 36]]"
n40_r2_rb,40,2,24877.56673244771,POMO-NS,20260807,0.1,0.1,45061.00001004993,38446.621732388456,45061.00001004993,29118.06220217707,15942.937807872864,33,82.5,3.000480400001834,"[[38, 17, 12, 1, 24, 13, 26, 3, 36, 23, 8, 15, 20], [27, 37, 22, 32, 5, 35, 6, 19, 33, 30, 29, 14, 10, 2, 18, 9, 39, 25, 7, 34]]"
n40_r2_rb,40,2,24877.56673244771,POMO-NS-nominal,20260807,0.0,0.1,38446.621732388456,38446.621732388456,45061.00001004993,29118.06220217707,15942.937807872864,33,82.5,3.000908400001208,"[[38, 17, 12, 1, 24, 13, 26, 3, 36, 23, 8, 15, 20], [27, 37, 22, 32, 5, 35, 6, 19, 33, 30, 29, 14, 10, 2, 18, 9, 39, 25, 7, 34]]"
n40_r2_rb,40,2,24877.56673244771,POMO-NS,20260808,0.1,0.1,46135.42566858903,41135.42566858903,46135.42566858903,37200.60274175521,8934.822926833818,36,90.0,3.0011346000028425,"[[38, 17, 12, 1, 24, 13, 26, 3, 36, 23, 21, 31, 11, 7, 15, 8, 20], [27, 37, 22, 32, 5, 35, 6, 19, 33, 30, 29, 14, 10, 2, 18, 9, 25, 39, 34]]"
n40_r2_rb,40,2,24877.56673244771,POMO-NS-nominal,20260808,0.0,0.1,38446.621732388456,38446.621732388456,45061.00001004993,29118.06220217707,15942.937807872864,33,82.5,3.000496900000144,"[[38, 17, 12, 1, 24, 13, 26, 3, 36, 23, 8, 15, 20], [27, 37, 22, 32, 5, 35, 6, 19, 33, 30, 29, 14, 10, 2, 18, 9, 39, 25, 7, 34]]"
n40_r2_rb,40,2,24877.56673244771,POMO-NS,20260809,0.1,0.1,45363.974810354164,40363.974810354164,45363.974810354164,36429.151883520346,8934.822926833818,36,90.0,3.0011119000009785,"[[38, 17, 12, 1, 24, 13, 26, 3, 15, 8, 36, 23, 21, 31, 11, 7, 20], [27, 37, 22, 32, 5, 35, 6, 19, 33, 30, 29, 14, 10, 2, 18, 9, 25, 39, 34]]"
n40_r2_rb,40,2,24877.56673244771,POMO-NS-nominal,20260809,0.0,0.1,38449.45040235011,38449.45040235011,45063.82868001159,29120.890872138723,15942.937807872864,33,82.5,3.00025480000113,"[[38, 17, 12, 1, 24, 13, 26, 3, 15, 8, 36, 23, 7, 20], [27, 37, 22, 32, 5, 35, 6, 19, 33, 30, 29, 14, 10, 2, 18, 9, 25, 39, 34]]"
n40_r3_rb,40,2,21952.08079459674,POMO-NS,20260807,0.1,0.1,49125.753745470436,44125.753745470436,49125.753745470436,40094.86638774593,9030.887357724505,36,90.0,3.0033388000010746,"[[27, 30, 37, 34, 29, 39, 38, 9, 11, 31, 24, 4, 20, 33, 36, 10, 0, 12, 32, 6, 26, 1], [35, 13, 16, 14, 23, 21, 28, 3, 17, 19, 25, 8, 15, 7]]"
n40_r3_rb,40,2,21952.08079459674,POMO-NS-nominal,20260807,0.0,0.1,42532.06647873221,42532.06647873221,49146.444756393685,36361.534680066325,12784.910076327364,33,82.5,3.005993499999022,"[[1, 12, 26, 6, 32, 38, 9, 11, 31, 24, 4, 20, 33, 36, 10, 0, 27, 30, 37, 34], [29, 35, 13, 39, 16, 14, 23, 28, 3, 17, 19, 15, 7]]"
n40_r3_rb,40,2,21952.08079459674,POMO-NS,20260808,0.1,0.1,46920.1321508809,42590.00513195871,46920.1321508809,38870.553662680904,8049.578488199993,37,92.5,3.006381600000168,"[[27, 30, 34, 29, 35, 13, 16, 39, 38, 9, 11, 31, 24, 4, 20, 33, 36, 10, 0, 12, 32, 6, 26, 1], [37, 14, 23, 21, 28, 3, 19, 17, 5, 25, 8, 15, 7]]"
n40_r3_rb,40,2,21952.08079459674,POMO-NS-nominal,20260808,0.0,0.1,42532.06647873221,42532.06647873221,49146.444756393685,36361.534680066325,12784.910076327364,33,82.5,3.0018671000034374,"[[1, 12, 26, 6, 32, 38, 9, 11, 31, 24, 4, 20, 33, 36, 10, 0, 27, 30, 37, 34], [29, 35, 13, 39, 16, 14, 23, 28, 3, 17, 19, 15, 7]]"
n40_r3_rb,40,2,21952.08079459674,POMO-NS,20260809,0.1,0.1,46920.1321508809,42590.00513195871,46920.1321508809,38870.553662680904,8049.578488199993,37,92.5,3.004832800001168,"[[27, 30, 34, 29, 35, 13, 16, 39, 38, 9, 11, 31, 24, 4, 20, 33, 36, 10, 0, 12, 32, 6, 26, 1], [37, 14, 23, 21, 28, 3, 19, 17, 5, 25, 8, 15, 7]]"
n40_r3_rb,40,2,21952.08079459674,POMO-NS-nominal,20260809,0.0,0.1,42532.06647873221,42532.06647873221,49146.444756393685,36361.534680066325,12784.910076327364,33,82.5,3.0026054000009026,"[[1, 12, 26, 6, 32, 38, 9, 11, 31, 24, 4, 20, 33, 36, 10, 0, 27, 30, 37, 34], [29, 35, 13, 39, 16, 14, 23, 28, 3, 17, 19, 15, 7]]"
n40_r4_rb,40,2,21560.94913911906,POMO-NS,20260807,0.1,0.1,46707.00902226067,41116.83907851119,46707.00902226067,35953.61723879837,10753.3917834623,35,87.5,3.0026628999985405,"[[27, 4, 18, 30, 20, 3, 35, 38, 1, 10, 25, 26, 29, 12], [9, 13, 34, 7, 2, 24, 39, 23, 36, 28, 11, 22, 37, 15, 8, 16, 5, 6, 33, 14, 17]]"
n40_r4_rb,40,2,21560.94913911906,POMO-NS-nominal,20260807,0.0,0.1,39395.43747031953,39395.43747031953,46895.437470319535,28542.38821419175,18353.049256127782,31,77.5,3.005354400000215,"[[27, 4, 18, 2, 20, 3, 35, 38, 1, 10, 25, 36, 12], [9, 7, 13, 34, 30, 24, 39, 28, 11, 22, 15, 8, 16, 5, 6, 33, 14, 17]]"
n40_r4_rb,40,2,21560.94913911906,POMO-NS,20260808,0.1,0.1,46707.00902226067,41116.83907851119,46707.00902226067,35953.61723879837,10753.3917834623,35,87.5,3.002006700000493,"[[27, 4, 18, 30, 20, 3, 35, 38, 1, 10, 25, 26, 29, 12], [9, 13, 34, 7, 2, 24, 39, 23, 36, 28, 11, 22, 37, 15, 8, 16, 5, 6, 33, 14, 17]]"
n40_r4_rb,40,2,21560.94913911906,POMO-NS-nominal,20260808,0.0,0.1,39395.43747031953,39395.43747031953,46895.437470319535,28542.38821419175,18353.049256127782,31,77.5,3.000622999999905,"[[27, 4, 18, 2, 20, 3, 35, 38, 1, 10, 25, 36, 12], [9, 7, 13, 34, 30, 24, 39, 28, 11, 22, 15, 8, 16, 5, 6, 33, 14, 17]]"
n40_r4_rb,40,2,21560.94913911906,POMO-NS,20260809,0.1,0.1,46051.05569992242,40460.885756172946,46051.05569992242,35297.66391646012,10753.3917834623,35,87.5,3.0010901000023296,"[[12, 29, 26, 25, 10, 1, 38, 35, 3, 20, 34, 13, 7, 9], [27, 4, 18, 30, 2, 24, 39, 23, 36, 28, 11, 22, 37, 15, 8, 16, 5, 6, 33, 14, 17]]"
n40_r4_rb,40,2,21560.94913911906,POMO-NS-nominal,20260809,0.0,0.1,39380.05494594992,39380.05494594992,46880.05494594992,28527.00568982214,18353.049256127782,31,77.5,3.016627699998935,"[[12, 36, 25, 10, 1, 38, 35, 3, 20, 2, 18, 7, 9, 4, 27], [13, 34, 30, 24, 39, 28, 11, 22, 15, 8, 16, 5, 6, 33, 14, 17]]"
n40_r5_rb,40,2,20253.7897593772,POMO-NS,20260807,0.1,0.1,45692.492586009175,39568.76822905123,45692.492586009175,34557.589739881914,11134.902846127263,34,85.0,3.000096299998404,"[[38, 37, 8, 2, 4, 25, 31, 9, 30, 7, 27, 20, 6, 3, 21], [10, 26, 36, 28, 33, 24, 23, 11, 18, 5, 39, 29, 22, 19, 13, 35, 14, 1, 16]]"
n40_r5_rb,40,2,20253.7897593772,POMO-NS-nominal,20260807,0.0,0.1,39568.76822905123,39568.76822905123,45692.492586009175,34557.589739881914,11134.902846127263,34,85.0,3.001953200000571,"[[38, 37, 8, 2, 4, 25, 31, 9, 30, 7, 27, 20, 6, 3, 21], [10, 26, 36, 28, 33, 24, 23, 11, 18, 5, 39, 29, 22, 19, 13, 35, 14, 1, 16]]"
n40_r5_rb,40,2,20253.7897593772,POMO-NS,20260808,0.1,0.1,45692.492586009175,39568.76822905123,45692.492586009175,34557.589739881914,11134.902846127263,34,85.0,3.006002099999023,"[[38, 37, 8, 2, 4, 25, 31, 9, 30, 7, 27, 20, 6, 3, 21], [10, 26, 36, 28, 33, 24, 23, 11, 18, 5, 39, 29, 22, 19, 13, 35, 14, 1, 16]]"
n40_r5_rb,40,2,20253.7897593772,POMO-NS-nominal,20260808,0.0,0.1,39568.76822905123,39568.76822905123,45692.492586009175,34557.589739881914,11134.902846127263,34,85.0,3.0018359999994573,"[[38, 37, 8, 2, 4, 25, 31, 9, 30, 7, 27, 20, 6, 3, 21], [10, 26, 36, 28, 33, 24, 23, 11, 18, 5, 39, 29, 22, 19, 13, 35, 14, 1, 16]]"
n40_r5_rb,40,2,20253.7897593772,POMO-NS,20260809,0.1,0.1,45692.492586009175,39568.76822905123,45692.492586009175,34557.589739881914,11134.902846127263,34,85.0,3.0013872000017727,"[[38, 37, 8, 2, 4, 25, 31, 9, 30, 7, 27, 20, 6, 3, 21], [10, 26, 36, 28, 33, 24, 23, 11, 18, 5, 39, 29, 22, 19, 13, 35, 14, 1, 16]]"
n40_r5_rb,40,2,20253.7897593772,POMO-NS-nominal,20260809,0.0,0.1,39568.76822905123,39568.76822905123,45692.492586009175,34557.589739881914,11134.902846127263,34,85.0,3.000127200000861,"[[38, 37, 8, 2, 4, 25, 31, 9, 30, 7, 27, 20, 6, 3, 21], [10, 26, 36, 28, 33, 24, 23, 11, 18, 5, 39, 29, 22, 19, 13, 35, 14, 1, 16]]"
n40_r6_rb,40,2,17986.271393973715,POMO-NS,20260807,0.1,0.1,37761.07265461047,35261.07265461047,37761.07265461047,34448.617022360224,3312.4556322502453,39,97.5,3.001895400000649,"[[14, 21, 18, 33, 12, 26, 35, 27, 23, 7, 22, 15, 9, 30, 11, 32, 38, 6, 31, 28, 25], [20, 36, 2, 10, 0, 8, 16, 3, 13, 29, 17, 5, 34, 24, 39, 19, 37, 4]]"
n40_r6_rb,40,2,17986.271393973715,POMO-NS-nominal,20260807,0.0,0.1,33776.67223334844,33776.67223334844,38776.67223334844,31283.701919118488,7492.970314229956,36,90.0,3.0040891999997257,"[[14, 21, 18, 33, 12, 26, 27, 23, 7, 22, 15, 11, 32, 38, 6, 31, 28, 25], [20, 36, 2, 10, 0, 8, 16, 3, 13, 29, 17, 5, 34, 24, 39, 19, 37, 4]]"
n40_r6_rb,40,2,17986.271393973715,POMO-NS,20260808,0.1,0.1,37761.07265461047,35261.07265461047,37761.07265461047,34448.617022360224,3312.4556322502453,39,97.5,3.001617099998839,"[[14, 21, 18, 33, 12, 26, 35, 27, 23, 7, 22, 15, 9, 30, 11, 32, 38, 6, 31, 28, 25], [20, 36, 2, 10, 0, 8, 16, 3, 13, 29, 17, 5, 34, 24, 39, 19, 37, 4]]"
n40_r6_rb,40,2,17986.271393973715,POMO-NS-nominal,20260808,0.0,0.1,33776.67223334844,33776.67223334844,38776.67223334844,31283.701919118488,7492.970314229956,36,90.0,3.0004126999992877,"[[14, 21, 18, 33, 12, 26, 27, 23, 7, 22, 15, 11, 32, 38, 6, 31, 28, 25], [20, 36, 2, 10, 0, 8, 16, 3, 13, 29, 17, 5, 34, 24, 39, 19, 37, 4]]"
n40_r6_rb,40,2,17986.271393973715,POMO-NS,20260809,0.1,0.1,37761.07265461047,35261.07265461047,37761.07265461047,34448.617022360224,3312.4556322502453,39,97.5,3.002748999999312,"[[14, 21, 18, 33, 12, 26, 35, 27, 23, 7, 22, 15, 9, 30, 11, 32, 38, 6, 31, 28, 25], [4, 37, 19, 39, 24, 34, 5, 17, 29, 13, 3, 16, 8, 0, 10, 2, 36, 20]]"
n40_r6_rb,40,2,17986.271393973715,POMO-NS-nominal,20260809,0.0,0.1,33776.67223334844,33776.67223334844,38776.67223334844,31283.701919118488,7492.970314229956,36,90.0,3.0039084999989427,"[[14, 21, 18, 33, 12, 26, 27, 23, 7, 22, 15, 11, 32, 38, 6, 31, 28, 25], [4, 37, 19, 39, 24, 34, 5, 17, 29, 13, 3, 16, 8, 0, 10, 2, 36, 20]]"
n40_r7_rb,40,2,14406.159176044785,POMO-NS,20260807,0.1,0.1,40070.20104727102,33455.82276960954,40070.20104727102,27590.549330994756,12479.651716276261,33,82.5,3.000920700000279,"[[12, 2, 37, 34, 36, 15, 27, 5, 32, 28, 4, 29, 9, 8, 0, 21, 10, 18, 13, 17], [7, 16, 24, 19, 22, 11, 35, 3, 39, 31, 20, 14, 1]]"
n40_r7_rb,40,2,14406.159176044785,POMO-NS-nominal,20260807,0.0,0.1,33455.82276960954,33455.82276960954,40070.20104727102,27590.549330994756,12479.651716276261,33,82.5,3.0002841999994416,"[[12, 2, 37, 34, 36, 15, 27, 5, 32, 28, 4, 29, 9, 8, 0, 21, 10, 18, 13, 17], [7, 16, 24, 19, 22, 11, 35, 3, 39, 31, 20, 14, 1]]"
n40_r7_rb,40,2,14406.159176044785,POMO-NS,20260808,0.1,0.1,40070.20104727102,33455.82276960954,40070.20104727102,27590.549330994756,12479.651716276261,33,82.5,3.0037015000016254,"[[12, 2, 37, 34, 36, 15, 27, 5, 32, 28, 4, 29, 9, 8, 0, 21, 10, 18, 13, 17], [7, 16, 24, 19, 22, 11, 35, 3, 39, 31, 20, 14, 1]]"
n40_r7_rb,40,2,14406.159176044785,POMO-NS-nominal,20260808,0.0,0.1,33455.82276960954,33455.82276960954,40070.20104727102,27590.549330994756,12479.651716276261,33,82.5,3.0011990000020887,"[[12, 2, 37, 34, 36, 15, 27, 5, 32, 28, 4, 29, 9, 8, 0, 21, 10, 18, 13, 17], [7, 16, 24, 19, 22, 11, 35, 3, 39, 31, 20, 14, 1]]"
n40_r7_rb,40,2,14406.159176044785,POMO-NS,20260809,0.1,0.1,40070.20104727102,33455.82276960954,40070.20104727102,27590.549330994756,12479.651716276261,33,82.5,3.0042358999999124,"[[12, 2, 37, 34, 36, 15, 27, 5, 32, 28, 4, 29, 9, 8, 0, 21, 10, 18, 13, 17], [7, 16, 24, 19, 22, 11, 35, 3, 39, 31, 20, 14, 1]]"
n40_r7_rb,40,2,14406.159176044785,POMO-NS-nominal,20260809,0.0,0.1,33455.82276960954,33455.82276960954,40070.20104727102,27590.549330994756,12479.651716276261,33,82.5,3.0030660000011267,"[[12, 2, 37, 34, 36, 15, 27, 5, 32, 28, 4, 29, 9, 8, 0, 21, 10, 18, 13, 17], [7, 16, 24, 19, 22, 11, 35, 3, 39, 31, 20, 14, 1]]"
n40_r8_rb,40,2,26451.30080758186,POMO-NS,20260807,0.1,0.1,42040.18548268383,37710.05846376164,42040.18548268383,32645.70590057447,9394.479582109361,37,92.5,3.0015227000003506,"[[22, 24, 4, 19, 0, 18, 33, 27, 34, 36, 29, 1, 30, 28], [39, 16, 2, 20, 31, 12, 38, 35, 13, 17, 37, 6, 7, 32, 11, 21, 23, 10, 8, 25, 14, 5, 15]]"
n40_r8_rb,40,2,26451.30080758186,POMO-NS-nominal,20260807,0.0,0.1,36588.90776229021,36588.90776229021,42712.632119248156,28809.43911988271,13903.192999365443,34,85.0,3.001211200000398,"[[15, 5, 22, 24, 4, 19, 0, 18, 33, 27, 36, 29, 1, 30], [39, 16, 2, 20, 21, 23, 25, 8, 10, 32, 7, 6, 37, 17, 13, 35, 38, 12, 31, 28]]"
n40_r8_rb,40,2,26451.30080758186,POMO-NS,20260808,0.1,0.1,42040.18548268383,37710.05846376164,42040.18548268383,32645.70590057447,9394.479582109361,37,92.5,3.00405949999913,"[[22, 24, 4, 19, 0, 18, 33, 27, 34, 36, 29, 1, 30, 28], [39, 16, 2, 20, 31, 12, 38, 35, 13, 17, 37, 6, 7, 32, 11, 21, 23, 10, 8, 25, 14, 5, 15]]"
n40_r8_rb,40,2,26451.30080758186,POMO-NS-nominal,20260808,0.0,0.1,36588.90776229021,36588.90776229021,42712.632119248156,28809.43911988271,13903.192999365443,34,85.0,3.0002616999991005,"[[15, 5, 22, 24, 4, 19, 0, 18, 33, 27, 36, 29, 1, 30], [39, 16, 2, 20, 21, 23, 25, 8, 10, 32, 7, 6, 37, 17, 13, 35, 38, 12, 31, 28]]"
n40_r8_rb,40,2,26451.30080758186,POMO-NS,20260809,0.1,0.1,42040.18548268383,37710.05846376164,42040.18548268383,32645.70590057447,9394.479582109361,37,92.5,3.0063176000003295,"[[22, 24, 4, 19, 0, 18, 33, 27, 34, 36, 29, 1, 30, 28], [39, 16, 2, 20, 31, 12, 38, 35, 13, 17, 37, 6, 7, 32, 11, 21, 23, 10, 8, 25, 14, 5, 15]]"
n40_r8_rb,40,2,26451.30080758186,POMO-NS-nominal,20260809,0.0,0.1,36588.90776229021,36588.90776229021,42712.632119248156,28809.43911988271,13903.192999365443,34,85.0,3.000841400000354,"[[15, 5, 22, 24, 4, 19, 0, 18, 33, 27, 36, 29, 1, 30], [39, 16, 2, 20, 21, 23, 25, 8, 10, 32, 7, 6, 37, 17, 13, 35, 38, 12, 31, 28]]"
n40_r9_rb,40,2,19120.701874487484,POMO-NS,20260807,0.1,0.1,45264.108959994206,40264.1089599942,45264.108959994206,35265.03659606634,9999.072363927862,36,90.0,3.0003208000016457,"[[29, 9, 17, 19, 2, 8, 18, 38, 14, 6, 3, 30, 25, 23, 13, 24, 0, 20, 35, 32, 11], [7, 5, 39, 16, 4, 34, 36, 27, 31, 1, 12, 15, 28, 22, 26]]"
n40_r9_rb,40,2,19120.701874487484,POMO-NS-nominal,20260807,0.0,0.1,39581.20041711147,39581.20041711147,43911.32743603366,35688.95924194509,8222.368194088567,37,92.5,3.0019592000026023,"[[29, 9, 17, 19, 2, 8, 18, 38, 14, 6, 3, 30, 25, 23, 7, 5, 24, 0, 20, 35, 32, 11], [13, 39, 16, 4, 34, 36, 27, 31, 1, 10, 12, 15, 28, 22, 26]]"
n40_r9_rb,40,2,19120.701874487484,POMO-NS,20260808,0.1,0.1,45264.108959994206,40264.1089599942,45264.108959994206,35265.03659606634,9999.072363927862,36,90.0,3.0052458999998635,"[[29, 9, 17, 19, 2, 8, 18, 38, 14, 6, 3, 30, 25, 23, 13, 24, 0, 20, 35, 32, 11], [7, 5, 39, 16, 4, 34, 36, 27, 31, 1, 12, 15, 28, 22, 26]]"
n40_r9_rb,40,2,19120.701874487484,POMO-NS-nominal,20260808,0.0,0.1,41526.08993090736,41526.08993090736,48140.46820856884,35454.555125232335,12685.913083336503,33,82.5,3.0005103000003146,"[[26, 22, 36, 27, 31, 1, 10, 12, 15, 28, 29, 9, 17, 19, 2, 8, 38, 18], [7, 5, 23, 25, 30, 6, 14, 33, 37, 24, 0, 20, 35, 32, 11]]"
n40_r9_rb,40,2,19120.701874487484,POMO-NS,20260809,0.1,0.1,44326.03679847909,39995.909779556896,44326.03679847909,36103.66860439052,8222.368194088567,37,92.5,3.0056542999991507,"[[13, 11, 24, 0, 20, 35, 32, 26, 22, 29, 9, 17, 19, 2, 8, 18, 38, 14, 6, 3, 30, 25, 23], [7, 5, 39, 16, 4, 34, 36, 27, 31, 1, 10, 12, 15, 28]]"
n40_r9_rb,40,2,19120.701874487484,POMO-NS-nominal,20260809,0.0,0.1,39581.20041711147,39581.20041711147,43911.32743603366,35688.95924194509,8222.368194088567,37,92.5,3.0012540999996418,"[[29, 9, 17, 19, 2, 8, 18, 38, 14, 6, 3, 30, 25, 23, 7, 5, 24, 0, 20, 35, 32, 11], [13, 39, 16, 4, 34, 36, 27, 31, 1, 10, 12, 15, 28, 22, 26]]"
n40_r10_rb,40,2,20452.10445996631,POMO-NS,20260807,0.1,0.1,43220.34928736406,37096.62493040611,43220.34928736406,30842.61382904463,12377.73545831943,34,85.0,3.0114910999982385,"[[25, 17, 6, 20, 19, 32, 27, 9, 22, 35, 21, 13, 4, 37, 2, 0, 38, 28], [23, 16, 15, 30, 14, 26, 31, 18, 24, 1, 34, 7, 11, 36, 29, 8]]"
n40_r10_rb,40,2,20452.10445996631,POMO-NS-nominal,20260807,0.0,0.1,36717.8717381566,36717.8717381566,43332.25001581808,30169.244781962672,13163.005233855407,33,82.5,3.0002892000011343,"[[25, 17, 6, 20, 19, 32, 27, 9, 22, 35, 21, 13, 37, 4, 0, 38, 28], [23, 16, 15, 30, 14, 26, 31, 18, 24, 1, 34, 7, 11, 36, 29, 8]]"
n40_r10_rb,40,2,20452.10445996631,POMO-NS,20260808,0.1,0.1,44341.15289619074,38217.428539232795,44341.15289619074,29661.259416014793,14679.893480175948,34,85.0,3.001860200001829,"[[25, 6, 17, 5, 18, 24, 1, 34, 31, 26, 14, 30, 15, 16, 38, 0, 2, 29, 8], [7, 11, 36, 9, 27, 22, 35, 21, 13, 37, 4, 39, 12, 28, 23]]"
n40_r10_rb,40,2,20452.10445996631,POMO-NS-nominal,20260808,0.0,0.1,36717.8717381566,36717.8717381566,43332.25001581808,30169.244781962672,13163.005233855407,33,82.5,3.008746199997404,"[[25, 17, 6, 20, 19, 32, 27, 9, 22, 35, 21, 13, 37, 4, 0, 38, 28], [23, 16, 15, 30, 14, 26, 31, 18, 24, 1, 34, 7, 11, 36, 29, 8]]"
n40_r10_rb,40,2,20452.10445996631,POMO-NS,20260809,0.1,0.1,43871.449629001945,36800.38181713647,43871.449629001945,25589.3652257301,18282.084403271845,32,80.0,3.003223599997,"[[25, 6, 17, 5, 18, 24, 1, 34, 31, 26, 14, 30, 15, 16, 38, 2, 29, 8], [7, 11, 36, 9, 27, 22, 35, 21, 13, 4, 37, 0, 28, 23]]"
n40_r10_rb,40,2,20452.10445996631,POMO-NS-nominal,20260809,0.0,0.1,37319.138828605865,37319.138828605865,43933.51710626735,30770.51187241194,13163.005233855407,33,82.5,3.000080699999671,"[[7, 20, 19, 32, 27, 9, 22, 35, 21, 13, 37, 4, 0, 38, 28], [8, 29, 36, 11, 6, 17, 25, 34, 1, 24, 18, 31, 26, 14, 30, 15, 16, 23]]"
