cluster,longitude,latitude,count,merged_from_count
0,104.11402538961038,30.57949561688312,154,7
1,104.0873691904762,30.759407499999995,42,3
2,103.97377564285713,30.800388785714283,42,4
3,103.70156645433255,30.60254399297424,427,9
4,103.96947527480916,30.649572986641225,524,18
5,104.06980612765956,30.768512237588656,282,9
6,103.91301821052632,30.6309135645933,209,11
7,104.4890489017094,30.493646824786325,234,9
8,103.46010848850574,30.747052252873566,174,10
9,104.09344776623377,30.58136151688312,385,9
10,104.5660256724138,30.371400353448276,116,9
11,104.24278369738865,30.650562049155145,651,9
12,103.85023402985074,30.43744689552239,134,10
13,104.1835465394737,30.710591881578946,152,10
14,104.04417254545453,30.44605416804407,363,9
15,104.33323437254901,30.644500784313724,102,9
16,104.5733282051282,30.686779871794872,39,2
17,103.98844792079208,30.627720386138616,101,8
18,104.05331396153845,30.466219884615384,52,4
19,104.2215278567775,30.638818685422,391,13
20,104.20314207773387,30.7260595085639,759,9
21,104.18551116249998,30.684493962500007,80,7
22,103.8025121076923,30.455447276923078,65,5
23,103.90541840566037,30.810542660377354,106,8
24,104.17292250276242,30.48429729281768,181,9
25,104.1968636,30.590151175,40,4
26,103.85923081818181,30.827532181818178,143,9
27,103.66127263214285,30.96116708928571,280,9
28,104.166098,30.628436599999997,10,1
29,104.11300262834223,30.752208248663102,374,16
30,104.05476852325582,30.45733572093023,86,6
31,104.13506198529412,30.805922066176475,136,9
32,103.95690332558138,30.723975000000003,43,4
33,104.17873965760869,30.782923722826087,184,9
34,104.235423880226,30.646510957062144,885,9
35,103.71904592307692,30.593644,13,1
36,103.89653706060605,30.666402822510822,231,9
37,104.09599668027212,30.541071605442177,147,11
38,103.93802987534887,30.614445674418597,1075,31
39,103.91726386666666,30.683909044444444,315,9
40,103.85094278888889,30.82035911111111,90,8
41,104.13853041935484,30.6108025483871,62,5
42,104.50925768867924,30.35358016509434,212,12
43,103.93572783682008,30.905507175732215,478,9
44,104.31939871586715,30.27693305904059,271,13
45,104.05078728215769,30.47619656016597,241,13
46,104.03947429310345,30.22566625862069,58,4
47,104.04116329824562,30.593399140350876,171,9
48,103.9815059952381,30.785177909523807,210,9
49,104.22425221666666,30.708133083333337,60,5
50,103.65474015686273,30.926404934640516,153,9
51,104.26363871428572,29.942342142857147,35,2
52,104.1648274726477,30.65872395623632,457,9
53,104.22393168918919,30.566425560810817,148,9
54,103.89985592857143,30.835308953416153,322,16
55,104.32650326860843,30.860194233009707,309,9
56,103.92318452320674,30.716974940928267,237,9
57,104.17658267954546,30.717575086363638,440,18
58,104.16155698773007,30.5997005398773,163,9
59,104.97341914450865,29.870890005780346,173,8
60,104.22533313679246,30.79309671226415,424,14
61,104.29759822222223,31.035004611111113,18,2
62,104.371945671875,30.864348656249998,64,6
63,103.81403029818779,30.632759212520586,607,13
64,104.06129056589147,30.418768961240307,129,10
65,103.88346452059925,30.66592425468165,267,9
66,104.03766393877551,30.659509428571425,49,4
67,104.00748370404983,30.5916172305296,321,19
68,104.80410751048952,30.152374272727275,143,7
69,103.86136108415842,30.803989534653457,202,9
70,103.8929578125,30.447482162500002,80,6
71,103.88574927272727,31.028313545454544,11,1
72,104.04686685714285,30.427839168831174,308,9
73,104.24569211904762,30.553758714285713,42,5
74,103.68161570588235,30.6126105,34,3
75,104.00956373809524,30.764472857142852,42,4
76,104.34409986956523,30.827341739130436,23,2
77,104.24403440552017,30.64560544585987,471,9
78,103.833874,30.640370375,8,1
79,104.48792999999999,30.427303176470588,17,2
80,104.03612732941177,30.297266376470585,85,6
81,104.12168881818184,30.539635060606063,33,3
82,104.06967914074073,30.691140807407404,135,7
83,104.12526226959247,30.76947299373041,319,9
84,103.87176654166667,30.779391071428574,168,12
85,104.03218783333332,30.85838483333333,42,4
86,104.11847416144577,30.757160443373497,415,9
87,103.99386835849056,30.76471049056603,53,5
88,104.39211358525344,30.284220506912437,217,14
89,103.64756200000001,30.951565928571426,56,6
90,103.74154204,30.694597039999998,25,3
91,103.90906231620554,30.543397000000002,253,12
92,104.67592830769232,30.084144769230768,13,1
93,104.66945772340425,29.503968978723407,47,4
94,104.05603449107143,30.8478685625,112,9
95,103.66284579381443,30.970869876288667,97,8
96,104.09978046456693,30.467145677165355,127,10
97,103.96002366666667,30.373521333333333,9,1
98,104.16599763265306,30.712440353741492,147,9
99,104.20845328888889,30.52418942222223,90,8
100,103.88701902645502,30.528522206349205,189,9
101,104.25548318181819,30.5311901322314,121,9
102,104.37805833333333,30.313403794871792,39,4
103,103.49680034693877,30.54742195918367,98,11
104,104.308686314554,30.865289178403756,213,9
105,104.0903387735849,30.740589452830186,53,5
106,104.19897908000002,30.51039668,50,5
107,104.32353095348837,30.64502876744186,258,9
108,104.0501873888889,30.541177277777777,252,10
109,103.94225896296295,30.84768122222222,27,3
110,103.89312391124261,30.513733396449705,169,9
111,103.9577220503597,30.66269231654676,139,9
112,103.553179136,30.221051879999997,125,9
113,103.85821069565218,31.065539260869567,46,4
114,103.88831729113924,30.556385297468353,158,9
115,104.02024961538464,29.13936722307692,260,10
116,103.93811015566038,30.619293834905662,212,13
117,104.1624756875,30.556734312499998,80,7
118,103.46554076923077,30.438071362637366,91,8
119,103.73779585294118,30.511668941176474,34,4
120,103.87394825263156,30.417272473684214,95,7
121,103.96759809090908,30.586073106060606,66,6
122,104.18488992962963,30.718331477777777,270,18
123,104.21479781900454,30.58311621719457,221,9
124,104.0560293164557,30.76324935443038,79,5
125,103.9026083119266,30.65840009174312,218,9
126,104.07992212925171,30.513089870748296,147,7
127,104.03714873333334,30.32875273333333,15,1
128,104.23773920576133,30.652988045267488,243,9
129,103.96936643478261,30.36650954347826,138,9
130,104.35422719117648,30.435846573529414,68,5
131,103.999099875,30.743797875000002,8,1
132,104.16767892105263,30.636530342105264,38,4
133,104.26889590140846,30.57868061971831,71,6
134,104.19841248148148,30.582039835978833,189,9
135,103.96477253271027,30.637029700934576,214,9
136,104.55548283937824,30.353077430051815,193,9
137,104.44963515789473,30.480719912280698,57,5
138,103.8191313548387,30.797245080645162,62,6
139,104.07888725000001,30.365431949999998,20,2
140,104.17528015584415,30.66437466233766,77,7
141,103.91271038728323,30.824754578034685,173,8
142,104.12013852808988,30.772941893258427,178,9
143,103.87998261111112,30.404369563492065,126,8
144,103.55983807894738,30.54884452631579,76,6
145,103.70950512962962,30.39407355555555,54,5
146,103.99102993617021,30.739251861702126,94,9
147,103.97212155752213,30.54226263716814,113,9
148,104.31206318,30.298673806666667,150,9
149,104.02749236842105,30.450652631578947,19,2
150,103.49853021546961,30.568848607734807,181,9
151,103.95928731034483,30.940188103448275,29,3
152,104.756755125,30.633209375,8,1
153,104.16881985448916,30.741388650154803,323,9
154,103.87864788235294,30.198177517647057,85,7
155,104.25476975949366,30.859242151898734,158,9
156,103.9248982,30.949577833333333,60,5
157,103.96948816250001,30.9820629,80,6
158,104.05240224242425,30.246055575757573,66,6
159,103.87647333333331,30.491195803921574,51,4
160,103.83827320873787,30.35929324757281,206,17
161,104.51286858778627,30.420405694656488,131,10
162,104.3694558076923,30.28916919230769,26,3
163,104.07107974183006,30.72556249019608,306,11
164,103.87067436036037,30.7021122972973,111,9
165,103.86121805154637,30.445515618556698,97,6
166,104.10687873076921,30.491270750000005,104,7
167,104.29627327906977,30.99386576744186,86,5
168,103.88478770454545,30.388616125000002,88,8
169,104.14057147222223,30.827207972222215,72,6
170,104.20253615068492,30.739631493150682,73,7
171,104.06536132894738,30.179615131578945,76,6
172,104.1910333018868,30.790880396226413,53,6
173,103.88678176923077,30.820362333333332,39,4
174,104.21384111111111,30.55201588888889,9,1
175,104.20357254761905,30.731780952380948,126,11
176,104.07764375739644,30.79474822485207,169,6
177,104.15029042528735,30.61620733333333,87,8
178,104.06377465476189,30.633225952380958,84,8
179,103.64344838297872,30.470070191489363,47,5
180,104.10255000000001,30.537138875,8,1
181,104.10658444999999,30.74054183333333,60,5
182,103.86715685087717,30.53506152631579,114,9
183,103.9295251,30.941690299999998,10,1
184,104.22405467741936,30.674711258064512,93,7
185,103.85979164705884,30.30141132352941,34,3
186,104.17081291275169,30.615230610738255,149,9
187,103.95988815950922,30.51740453374233,163,8
188,104.0586903877551,30.649362857142854,49,4
189,103.97767018888888,30.688512794444442,180,9
190,103.65314977777778,30.920328777777772,54,6
191,103.88951913793103,30.383821827586203,29,3
192,103.95239163157893,30.79583519298246,57,6
193,103.561045300813,30.748746918699183,123,8
194,104.42860148717949,31.149855435897432,39,4
195,103.91443659398495,30.675784180451128,133,10
196,103.67853532270917,31.02964724701195,251,11
197,104.09961819791666,30.459432687499998,96,7
198,103.99882632142858,30.46712163095238,84,5
199,104.00760997183099,30.554167169014086,71,6
200,104.21427097474746,30.651410297979794,198,11
201,104.55636264285715,30.37281685714286,28,3
202,103.88028299999999,30.604263631578945,38,4
203,103.78192851428571,30.67566034285714,35,4
204,104.1087978095238,30.76849857142857,21,2
205,104.32729362790698,30.306558796511624,172,8
206,103.51726529166666,30.75016395833333,24,3
207,104.19502632876711,30.528331575342467,73,6
208,103.91636715555555,30.369295192592592,135,9
209,104.08361589690722,30.455601783505156,194,12
210,104.08513924590164,30.68341385245902,61,6
211,103.95232023913043,30.427984108695654,184,8
212,104.31576187128714,30.302894633663364,101,8
213,104.11561188888889,30.452460777777773,9,1
214,104.44623618181818,30.473023454545455,11,1
215,103.91186584848484,30.798623939393938,66,6
216,103.95155109090909,31.01271945454545,11,1
217,104.03695322727273,30.148138712121217,66,7
218,104.31245047619048,30.87462628571429,21,2
219,104.19316896000001,30.739973159999998,25,2
220,104.28696612121213,30.696890333333332,33,2
221,104.4726168,30.49353,10,1
222,104.2261468190476,30.52520763809524,105,9
223,103.89305887500001,31.019377,8,1
224,104.48850136082476,30.461106546391754,97,9
225,104.50150083544303,30.473973582278486,79,6
226,104.5369516,30.3529553,10,1
227,104.36301641176472,31.067834647058824,17,2
228,104.568242375,30.70709475,8,1
229,103.50587602752294,30.559128339449543,109,8
230,104.08341608333335,30.719902083333334,12,1
231,103.9081890625,30.9727861875,16,2
232,104.40176077358491,30.997332566037738,53,5
233,104.02254365217392,30.523018478260866,23,2
234,104.34223836363635,31.150277000000003,11,1
235,104.03817411111112,30.35855238888889,18,2
236,104.492472,30.323046188679246,53,4
237,104.09855953658536,30.8851097804878,41,4
238,104.36659694736842,30.304584578947367,19,2
239,104.36267143902438,30.658485268292686,41,4
240,103.91261214814814,30.97888748148148,27,2
241,103.95677888372094,30.03108023255814,43,4
242,103.995193,30.643098,8,1
243,104.58227135294116,30.11546888235294,17,2
244,103.97346564,30.57910584,25,3
245,104.18116675,30.703539375,8,1
246,103.47906845454546,30.427886030303032,33,3
247,103.69674964102565,30.397622923076923,39,4
248,103.87517452380953,30.480193047619043,21,2
249,104.12089964285714,30.501598714285716,70,6
250,104.31870083823529,30.861166058823528,136,8
251,103.8621913125,30.7107936875,16,1
252,104.00552870588236,30.514952,17,2
253,104.21102144000001,30.60814328,25,1
254,104.11532120338983,30.41767059322034,59,5
255,104.24899913793104,30.772455609195408,87,8
256,104.008053,30.7188754375,16,2
257,104.105858,30.451281888888886,9,1
258,104.05074065217391,30.66438006521739,46,3
259,104.15278421212122,30.781751106060607,66,6
260,103.91706765384615,30.397730923076924,26,3
261,104.39753049999999,30.824099999999998,10,1
262,104.082464,30.646311444444443,9,1
263,104.10367513636365,30.53215972727273,22,2
264,104.11589743137255,30.584334901960784,102,7
265,103.97195567391306,30.46946606521739,92,4
266,104.072342,30.200882,8,1
267,103.98268555555553,30.45364216666667,18,2
268,104.52210300000002,30.42985798870057,177,8
269,104.06050762068966,31.245428689655174,29,3
270,104.36158162500001,30.4349394375,32,3
271,103.44969958823529,30.466805705882354,17,2
272,104.3535945882353,30.99590647058823,17,2
273,103.68192040909092,30.596692954545457,44,4
274,104.1538982,30.727164949999995,20,2
275,104.09252587499999,30.524203205357143,112,6
276,103.5305112,31.4103818,10,1
277,104.39190454761906,30.29949038095238,84,6
278,103.88786793999999,30.661085840000002,50,5
279,103.60111141836734,31.064686469387755,98,8
280,103.95490833333332,30.491991,9,1
281,104.26785289473683,30.65039515789474,19,2
282,104.10192553260869,30.497608826086953,92,5
283,103.99363240000001,30.746540400000004,25,2
284,103.798969,29.771908555555555,9,1
285,104.42356195652174,30.474178739130434,46,5
286,103.6425954637681,30.942844884057973,69,7
287,104.52211792,30.662803720000003,25,2
288,103.95953715384616,30.43824230769231,13,1
289,104.17998917647058,30.61949964705882,17,2
290,103.48978902272728,30.184626522727275,44,4
291,104.29350500000001,30.850475692307693,13,1
292,103.79696492957744,30.64491311267606,142,13
293,103.97341779661018,30.623720237288133,59,5
294,104.21535436082475,30.821080814432985,97,8
295,103.67519225,30.905589250000002,8,1
296,103.6402790625,30.4660160625,96,7
297,103.72487522535211,30.578262295774646,71,6
298,104.00081727272728,30.762796333333338,33,4
299,104.62611606666665,30.858279333333332,15,1
300,103.79071352941176,30.666833352941172,17,2
301,104.53726503883495,30.365869029126213,103,8
302,103.99525074999998,30.612722386363636,44,4
303,104.135034875,30.59014325,8,1
304,104.10622578518517,30.587278518518517,135,8
305,103.97813542105264,30.200280473684213,19,2
306,103.85671490909091,30.442189363636363,22,2
307,104.22902722222221,30.854020111111108,9,1
308,103.53330829411765,30.694224647058824,17,2
309,104.99066721568627,29.54255921568628,51,4
310,103.94907188235294,30.515648147058823,34,4
311,104.10935508917197,30.506794203821652,157,12
312,104.07927775,30.564606375,8,1
313,104.0787004347826,30.684293652173913,23,2
314,104.16079596428573,30.643452857142854,28,3
315,104.55206419999999,30.7162186,10,1
316,104.32086944444444,30.281402666666665,9,1
317,104.66265714285714,31.091485142857145,28,3
318,103.50437037500001,30.57282545833333,24,2
319,103.45239838636365,30.37453211363636,44,4
320,104.84774375,29.75433875,8,1
321,103.52751641176471,31.415504176470584,17,2
322,104.592379,30.0190825,8,1
323,104.46905004477611,30.848088985074625,67,7
324,103.509895625,30.562359999999998,8,1
325,104.0018215,30.1279776875,16,2
326,104.0510146875,30.2598185625,48,4
327,103.72738326923078,30.559171346153846,26,3
328,103.53208938235294,31.404750411764706,68,5
329,104.00185483636363,30.5206004,55,6
330,104.0871668275862,30.748387379310348,29,3
331,103.68259655555556,31.01294944444444,9,1
332,103.97077709999999,30.989066100000002,10,1
333,104.08346739759035,30.57860281927711,83,5
334,103.92114465068494,30.703001849315072,146,8
335,104.21892355555556,30.655220694444445,36,3
336,104.084975,30.44668275,8,1
337,103.944947375,30.48401075,8,1
338,103.91905525,30.2313125,12,1
339,103.71381630645159,30.5265840483871,62,6
340,103.96309241463416,30.448117414634147,41,4
341,104.14341714285713,30.465786476190477,21,2
342,104.1495258,30.62258522,100,7
343,104.23702610000001,30.7240876,10,1
344,104.00388021212122,30.606360939393937,33,4
345,103.87508170000001,30.8305243,10,1
346,104.60380496153847,30.684980807692305,26,2
347,104.36603418749999,30.857265062499998,16,2
348,104.3911371111111,30.281330777777775,9,1
349,103.8912604,30.777580066666665,15,1
350,104.1861085,30.55278939473685,76,5
351,103.48264875,30.383871875,8,1
352,103.96646476744185,30.4357361627907,43,3
353,103.95976147058822,30.363571176470593,17,2
354,104.06306557894736,30.438180157894738,19,2
355,104.10829155555555,30.545179555555553,9,1
356,103.95872233333333,30.648492230769232,78,7
357,104.15784703333333,30.692308866666668,30,3
358,103.67759684126982,30.338803365079364,126,7
359,104.41195175,30.34484325,8,1
360,103.93694652941178,30.78182870588235,17,2
361,103.79010559375,29.636174562500003,32,3
362,103.9983175882353,30.252933764705887,17,2
363,104.22356435294118,30.885143470588233,17,2
364,103.4989757,30.5424262,10,1
365,104.19021099999999,30.66238217241379,58,5
366,103.9621211904762,30.93346923809524,21,2
367,104.10896157142857,30.46408775510204,49,5
368,103.866315375,30.775471,8,1
369,103.95245085185185,30.999396296296297,27,3
370,103.66116811111111,30.97985366666667,9,1
371,104.0338135,30.4659725,30,3
372,104.00184416129031,30.884528838709677,31,2
373,104.13070868253969,30.670611634920636,63,5
374,103.960005875,30.152020250000003,24,3
375,103.65493012499999,30.664779375,8,1
376,104.17524950769231,30.787940692307693,65,5
377,104.01103766666667,30.517683969696968,33,2
378,104.00217540000001,30.590778899999997,10,1
379,104.227067625,30.858505125,8,1
380,104.14915581818182,30.65964987878788,33,3
381,104.46299833333333,30.34759322222222,9,1
382,104.05618294736843,30.42771192105263,38,4
383,103.94356733333332,30.336708416666667,12,1
384,104.02769512,30.48091404,25,3
385,103.953716875,30.656023625,8,1
386,104.10467849206348,30.513056777777777,63,4
387,104.06573906349207,30.44746180952381,63,4
388,104.49877616129032,30.427927677419355,31,3
389,104.05215588888888,30.487071999999998,9,1
390,104.5309301111111,30.66280188888889,9,1
391,104.47680394736842,30.354865684210523,19,2
392,104.38683270000001,30.301798,10,1
393,104.1879005,30.793525,8,1
394,104.151630375,30.77522975,32,3
395,104.87091894444445,29.22605272222222,36,3
396,103.9739301,30.429197699999996,10,1
397,104.1080104375,30.420533312499998,16,2
398,103.79240863333331,30.187202533333334,30,3
399,103.9988514761905,30.669496952380953,21,2
400,104.05462444444446,30.654083851851855,27,2
401,103.97374041379311,31.03206772413793,29,3
402,103.92935192307694,30.69947512820513,39,4
403,103.51670525,30.57852725,8,1
404,104.073366,30.717898864864868,37,3
405,103.90820681250001,30.660721125000002,32,3
406,104.08753909090909,30.548254090909094,11,1
407,104.02235152941176,30.500999882352943,17,2
408,104.174595,30.727579545454546,22,1
409,104.01069526470589,30.511507382352942,34,3
410,104.171755828125,30.659636921875,64,4
411,104.406655125,30.34594475,8,1
412,104.16914990000001,30.532146633333333,30,3
413,103.79491720689656,30.441187241379307,29,3
414,104.54659207142858,29.503886857142856,14,1
415,103.9220599,30.686460699999998,10,1
416,103.85736762500001,30.449636875,8,1
417,103.259596125,30.560030375,8,1
418,103.68665329999999,30.837172400000004,10,1
419,104.49543788888889,30.417804888888888,9,1
420,104.05745244444444,30.36794822222222,9,1
421,103.47469483333333,30.431560875000002,48,4
422,103.95986225,30.796132,8,1
423,103.71801960317461,30.60994580952381,63,4
424,104.04025894736843,30.582316263157892,19,2
425,104.05364266666668,30.44675088888889,9,1
426,103.81243984615384,30.571594730769228,26,3
427,104.39444048148147,30.350088148148146,54,5
428,104.01177591666665,30.463963708333335,24,2
429,104.37888776470588,30.29234517647059,17,2
430,104.29170839999999,30.5883939,10,1
431,104.1555642051282,30.580583846153843,39,3
432,103.52836525,30.377345124999998,8,1
433,104.16333688888888,30.593730777777775,9,1
434,104.100079625,30.651837625,8,1
435,104.1005097037037,30.750977555555554,27,2
436,103.91028374999999,30.7334065,8,1
437,104.05832229166667,30.38606308333333,24,3
438,104.06726923611112,30.32961906944444,72,5
439,104.30759836363637,30.84524559090909,66,3
440,104.31554360714287,30.6050665,28,2
441,103.83286700000001,30.549802500000006,18,2
442,103.92088110714285,30.5408055,28,3
443,103.96433999999999,30.47830622727273,22,2
444,104.23185735714286,30.793460250000003,28,2
445,104.08515075,30.238491437500002,16,2
446,103.90205171929824,30.834443719298243,57,2
447,103.84057522222223,30.678258333333336,9,1
448,104.14913037837839,30.839270756756758,37,3
449,103.92951911111112,30.974608333333336,9,1
450,104.61512345454547,30.16331809090909,11,1
451,104.14320316666665,30.581649277777778,18,2
452,104.54424631428572,30.70710894285714,35,3
453,104.00339265853658,30.734843682926826,41,4
454,104.23187977419356,30.63961480645161,31,3
455,103.924171125,30.80011875,8,1
456,103.91750584615384,30.742758615384613,26,2
457,104.06793554545453,30.662726727272727,11,1
458,104.24974940909091,30.58037486363636,22,2
459,103.6866771904762,30.629212476190474,21,2
460,104.53914451219511,31.859444121951217,41,4
461,104.43852191666666,30.35617527777778,36,3
462,104.5009690625,30.483482062500002,16,2
463,103.95995431818181,30.165407318181817,44,4
464,103.885838,30.583834,8,1
465,104.47367756756756,30.486262648648648,37,3
466,103.86284075,30.5564023125,16,2
467,104.22151545,30.69591385,20,1
468,103.7211093,31.102189599999996,10,1
469,103.8763455,30.22100775,8,1
470,103.55276557692308,30.5306935,26,3
471,103.876321,30.500795870967742,31,3
472,103.53597242857143,30.74258425,28,3
473,104.96996227777777,29.867273555555553,18,2
474,104.5954836,31.767997100000002,10,1
475,103.4522559142857,30.47489514285714,35,4
476,104.20845475,30.745009125,8,1
477,104.39318475,30.2935485,8,1
478,104.10666322222222,30.60810711111111,9,1
479,104.20157876470589,30.678572058823526,17,2
480,104.55673630000001,30.7251011,10,1
481,104.188476125,30.717727375,16,1
482,103.99780558695652,30.75742686956522,46,4
483,104.16431195238094,30.38361380952381,21,2
484,103.62836431034484,30.727395655172412,29,3
485,103.87718578947369,30.562536894736837,19,2
486,103.98931835294118,30.59635811764706,17,2
487,104.04183842105263,30.248861894736844,19,2
488,104.14794629999999,30.4029252,10,1
489,104.0765977368421,30.37520278947368,19,2
490,104.20049954166666,30.684032458333334,24,2
491,103.89903107142858,30.61571557142857,28,3
492,104.27741155555556,31.14163322222222,9,1
493,103.653238,30.894018,8,1
494,104.13418166666666,30.400306222222223,9,1
495,104.07917071428571,30.818185714285715,21,2
496,103.97290502857143,30.663707428571428,35,2
497,104.2916654736842,30.877438736842105,19,2
498,104.32395015,30.343143249999997,20,2
499,104.35822265384614,30.66088053846154,26,3
500,104.091961125,30.218086625,8,1
501,104.18889663636364,30.69724990909091,11,1
502,103.79911501923077,31.167114115384614,52,5
503,104.013260125,29.13989975,8,1
504,104.14089912903226,30.64573141935484,31,3
505,103.90494665384615,30.676349461538464,26,2
506,103.90391455555556,30.243987555555552,9,1
507,103.53824075,30.20792375,8,1
508,103.97710834482757,30.639340482758623,29,2
509,103.9855943,30.7233564,10,1
510,103.91721844444444,30.38638511111111,9,1
511,104.280120875,30.6457345,8,1
512,104.35443955555556,30.735885333333336,9,1
513,103.6087905,30.393090625,8,1
514,103.94731177777777,30.53789422222222,9,1
515,104.58687188235295,30.734552588235292,17,2
516,104.03570325,30.447789,8,1
517,104.618441625,30.683343875,8,1
518,104.11192836842106,30.511991052631583,19,2
519,104.109681375,30.562284625,8,1
520,103.993187,29.02429475,8,1
521,104.07559237254902,30.238851352941175,51,3
522,103.846417,30.428358375000002,8,1
523,104.1916343,30.8203197,10,1
524,104.63135418181818,30.872069545454544,11,1
525,103.97405558333332,30.737623499999998,12,1
526,104.74552972727273,30.451696181818182,33,3
527,104.117648,30.2827575,8,1
528,103.79276,30.461016,10,1
529,104.410183125,30.758619125,8,1
530,103.82332865000001,30.610263850000003,20,2
531,104.50053741666666,30.33898591666667,12,1
532,104.90828522222222,30.15987888888889,18,2
533,104.85833283333334,29.740992388888888,18,2
534,103.985922,30.2176798,15,2
535,104.498884,30.490758,10,1
536,104.53380825641024,29.759659999999997,39,3
537,103.483392125,31.33234125,8,1
538,104.11203629411766,31.075912352941177,17,2
539,104.09295433333334,30.443266444444443,9,1
540,104.16304,30.699521875000002,8,1
541,103.693559,30.93776125,8,1
542,103.94006442857143,30.99956757142857,28,3
543,104.03748066666667,30.73209675,12,1
544,104.21718457894737,30.571983947368416,19,2
545,104.38785041666667,30.7617705,12,1
546,104.21619,30.699662,8,1
547,104.36767066666667,30.434721333333332,9,1
548,104.4958145,30.471175375,8,1
549,103.99145552380952,30.436700238095238,21,2
550,104.04245066666667,30.19924573333333,15,2
551,104.07286895454546,30.695619818181818,22,2
552,104.4782284814815,30.48960866666667,27,3
553,104.56512362162162,30.387770027027027,37,3
554,104.009792375,30.480189875,8,1
555,103.98375443333335,30.572629599999996,30,2
556,103.83360325,30.63534475,8,1
557,103.94869064285714,30.678349071428574,14,1
558,103.9970464,30.9079468,10,1
559,103.46482776470587,30.452676411764703,17,2
560,103.97671665853657,30.653008902439026,41,2
561,103.94357252941175,30.50768188235294,17,2
562,104.58367050000001,30.340424125,8,1
563,104.06375206666667,30.609734066666665,15,1
564,103.8812715,31.087577599999996,10,1
565,104.11539391999999,30.37847484,25,2
566,104.18818646666666,30.5146102,15,2
567,104.09747368421051,30.585185631578945,19,1
568,103.754216625,31.0148915,8,1
569,103.49605240000001,31.358639599999997,10,1
570,103.74940360000001,30.530383399999998,15,2
571,104.564808125,30.379360375,8,1
572,104.1057679090909,30.580483636363635,11,1
573,104.10657275,30.513076375,8,1
574,103.76020427272728,30.665308818181817,11,1
575,104.222665375,30.998936125,8,1
576,104.76210388888889,30.615731222222223,9,1
577,103.85653706666668,30.785598933333336,15,1
578,104.09521377777777,30.462941555555556,9,1
579,104.028414,30.55138275,8,1
580,103.697045125,30.407291999999998,8,1
581,103.986583,30.332524125,8,1
582,104.06115936363636,30.389578636363638,11,1
583,103.67468625000001,30.64528175,8,1
584,104.6703955,30.087804124999998,8,1
585,104.292781,30.391371,9,1
586,104.25509281818182,30.579123636363637,11,1
587,104.144501,30.813327,8,1
588,104.30049588888889,30.38193866666667,9,1
589,103.75686942857143,31.194516857142855,7,1
590,103.54073166666667,31.0501924,15,1
591,103.67186166666667,30.317287222222223,9,1
592,104.5478016,30.6913374,10,1
593,103.96454583333333,30.615341083333334,12,1
594,103.38373414285715,30.731928714285715,7,1
595,103.96528136363636,30.310177818181817,11,1
596,104.414984875,30.243810875,8,1
597,103.943591375,30.4991174375,16,1
598,103.80634775,31.171622624999998,8,1
599,104.04391244444444,30.206009888888886,9,1
600,103.86495544444445,30.407910111111114,9,1
601,104.50552163636362,30.506700272727276,11,1
602,103.79641444444445,31.23706233333333,9,1
603,104.66039140000001,31.1310463,10,1
604,104.58457539999999,30.3551806,10,1
605,104.50160611111112,30.35453411111111,9,1
606,104.002171625,30.485072125,8,1
607,104.19596763636363,30.859162,11,1
608,103.91497,30.41901325,8,1
609,103.67738485714287,30.949737714285714,7,1
610,104.35929471428572,30.53175442857143,7,1
611,104.09107345454545,30.559796545454546,11,1
612,103.89018470588235,30.478895176470587,17,1
613,104.181296625,30.534409875,8,1
614,103.891527,30.410029499999997,12,1
615,103.49533385714287,30.407019428571427,7,1
616,104.44802200000001,30.857586125,8,1
617,104.339895,31.12618175,8,1
618,104.05067422222223,30.749953555555553,9,1
619,103.8602989,30.8370771,10,1
620,103.67156914285714,30.33271857142857,7,1
621,104.183365,30.486436714285713,7,1
622,103.7706615,30.39847125,8,1
623,104.006327,30.23361866666667,9,1
624,104.2352566,30.860652500000004,10,1
625,104.066022,30.37285742857143,7,1
626,104.03071533333333,30.80790833333333,9,1
627,103.83163114285715,30.66751842857143,7,1
628,104.47420028571428,30.34474757142857,7,1
629,104.45048177777778,30.476159555555554,9,1
630,104.37821514285714,30.455726714285714,7,1
631,104.22784114285714,30.80254414285714,7,1
632,103.87397271428571,30.77390685714286,7,1
633,103.45636214285715,30.43140728571429,7,1
634,103.88736385714286,30.592930428571428,7,1
