M,seed,objective,route_cost,robust_penalty,visited_nodes,used_vehicles,training_prize_coverage_pct,holdout_prize_coverage_pct,search_runtime,mns_iterations,mns_improvements,routes
0.0,20260831,0.0,0.0,0.0,0,0,0.0,0.0,0.0,0,0,"[[],[],[],[]]"
0.0,20260832,0.0,0.0,0.0,0,0,0.0,0.0,0.0,0,0,"[[],[],[],[]]"
0.0,20260833,0.0,0.0,0.0,0,0,0.0,0.0,0.0,0,0,"[[],[],[],[]]"
1000.0,20260831,23361.124038145936,0.0,23361.124038145936,0,0,0.0,0.0,30.002904499997385,6,0,"[[],[],[],[]]"
1000.0,20260832,23361.124038145936,0.0,23361.124038145936,0,0,0.0,0.0,30.75704509999196,6,0,"[[],[],[],[]]"
1000.0,20260833,23361.124038145936,0.0,23361.124038145936,0,0,0.0,0.0,30.16731170000276,5,0,"[[],[],[],[]]"
2000.0,20260831,46722.24807629187,0.0,46722.24807629187,0,0,0.0,0.0,30.47223650000524,5,0,"[[],[],[],[]]"
2000.0,20260832,46722.24807629187,0.0,46722.24807629187,0,0,0.0,0.0,30.12608159999945,6,0,"[[],[],[],[]]"
2000.0,20260833,46722.24807629187,0.0,46722.24807629187,0,0,0.0,0.0,30.676627199994986,6,0,"[[],[],[],[]]"
2500.0,20260831,58402.81009536484,0.0,58402.81009536484,0,0,0.0,0.0,31.072853299992858,6,0,"[[],[],[],[]]"
2500.0,20260832,58402.81009536484,0.0,58402.81009536484,0,0,0.0,0.0,30.781718799989903,6,0,"[[],[],[],[]]"
2500.0,20260833,58402.81009536484,0.0,58402.81009536484,0,0,0.0,0.0,30.507288100008736,6,0,"[[],[],[],[]]"
3000.0,20260831,70083.3721144378,0.0,70083.3721144378,0,0,0.0,0.0,30.690523199999006,6,0,"[[],[],[],[]]"
3000.0,20260832,70083.3721144378,0.0,70083.3721144378,0,0,0.0,0.0,30.694917300003,6,0,"[[],[],[],[]]"
3000.0,20260833,70083.3721144378,0.0,70083.3721144378,0,0,0.0,0.0,31.10651060000237,6,0,"[[],[],[],[]]"
3500.0,20260831,80126.59086080841,2734.56330710538,77392.02755370304,2,1,5.808660466839758,5.5353427395638,30.20492470001045,6,2,"[[4,0],[],[],[]]"
3500.0,20260832,80126.59086080841,2734.56330710538,77392.02755370304,2,1,5.808660466839758,5.5353427395638,30.385999500009348,6,2,"[[4,0],[],[],[]]"
3500.0,20260833,80126.59086080841,2734.56330710538,77392.02755370304,2,1,5.808660466839758,5.5353427395638,30.71702070000174,6,2,"[[4,0],[],[],[]]"
4000.0,20260831,86675.64690546127,76931.8829307807,9743.763974680563,210,4,91.7221175463788,91.54023958157924,30.00536290000309,6,0,"[[73,41,99,216,5,31,57,178,168,44,61,133,173,7,14,90,204,156,64,62,104,240,196,17,122,218,136,229,245,69,67,34,48,18,1,6,2,205,208,8,157,16,152,20,82,22,37,158,116,29,10,226,9,24,78,11,198,184],[161,209,244,176,200,225,54,180,206,214,118,39,13,70,72,129,28,80,211,110,153,36,128,221,222,12,77,223,177,50,25,15,3,191,52,0,224,120,65,175,4,126,68,59,197,135,215,151],[93,247,213,46,105,115,60,55,230,169,186,98,149,114,183,107,84,56,234,113,141,181,130,162,187,174,76,134,26,194,201,210,92,19,217,88,248,212,85,127,188,202,103,227,75,95,100,148,125,66,109],[49,246,242,23,144,38,87,89,170,235,45,171,86,32,27,142,185,145,51,123,79,117,159,30,241,124,137,131,219,231,102,140,43,195,164,94,42,166,71,81,179,91,236,108,21,47,35,192,165,40,146,167,160]]"
4000.0,20260832,87499.66370845903,81999.08048946617,5500.583218992869,224,4,96.06702668444166,95.33632022492694,30.007680800001253,6,1,"[[239,61,133,173,7,207,238,33,121,14,90,83,122,17,196,204,156,64,240,104,62,189,150,96,249,233,84,107,183,114,149,98,186,169,230,55,60,115,105,46,213,247,69,245,229,136,93,120,224,65,175,135,161],[197,59,68,4,126,0,52,191,3,15,25,50,177,77,12,222,221,128,36,153,110,211,80,28,129,72,70,13,39,118,214,206,180,54,200,176,244,209],[47,35,21,108,236,49,148,100,71,81,166,42,94,164,89,170,87,38,201,92,144,23,246,88,217,19,210,194,26,134,76,174,187,162,141,181,130,56,85,188,127,212,248,202,103,227,75,95,125,66,109,151,215],[91,179,195,43,45,171,86,32,27,142,145,51,123,79,159,30,193,53,106,119,199,2,6,1,18,182,34,48,58,220,203,124,137,131,219,231,102,140,165,192,40,67,167,160,198,11,74,97,205,208,8,24,78,101,9,226,10,157,147,152,20,82,22,37,158,16,29,116,31,57,178,5,99,216,168,44,163,41,243,73]]"
4000.0,20260833,91813.95987359813,84212.3107120156,7601.649161582522,217,4,94.0011405310124,94.84179357222496,30.00498979999975,6,2,"[[66,69,245,136,93,120,0,52,191,3,122,17,196,172,249,233,96,150,189,62,104,240,64,204,132,83,90,14,121,33,238,138,207,7,13,70,72,129,28,118,214,206,80,211,110,223,12,222],[239,161,135,59,68,126,4,175,65,50,15,25,177,77,221,128,153,36,244,209,176,200,54,180,173,133,61,163,44,168,178,57,31,5,216,99,41,243,208,205,97,2,6,1,18,74,11,198,160],[151,229,218,213,46,105,115,55,230,98,149,114,183,107,84,56,113,141,162,187,174,76,134,26,194,201,210,19,217,248,212,85,127,188,202,88,103,227,75,95,100,148,49,236,108,21,35,47,109],[167,146,67,40,192,165,140,102,231,137,131,219,179,91,81,71,166,42,195,164,94,23,246,242,144,92,38,87,89,170,43,171,86,32,27,142,145,51,123,79,117,159,30,58,48,34,182,220,193,53,106,119,152,20,82,22,37,158,16,116,29,157,8,10,9,24,78,101,237,139,73]]"
5000.0,20260831,89111.58789913141,76931.8829307807,12179.704968350708,210,4,91.7221175463788,91.54023958157924,30.00387269999192,6,0,"[[73,41,99,216,5,31,57,178,168,44,61,133,173,7,14,90,204,156,64,62,104,240,196,17,122,218,136,229,245,69,67,34,48,18,1,6,2,205,208,8,157,16,152,20,82,22,37,158,116,29,10,226,9,24,78,11,198,184],[161,209,244,176,200,225,54,180,206,214,118,39,13,70,72,129,28,80,211,110,153,36,128,221,222,12,77,223,177,50,25,15,3,191,52,0,224,120,65,175,4,126,68,59,197,135,215,151],[93,247,213,46,105,115,60,55,230,169,186,98,149,114,183,107,84,56,234,113,141,181,130,162,187,174,76,134,26,194,201,210,92,19,217,88,248,212,85,127,188,202,103,227,75,95,100,148,125,66,109],[49,246,242,23,144,38,87,89,170,235,45,171,86,32,27,142,185,145,51,123,79,117,159,30,241,124,137,131,219,231,102,140,43,195,164,94,42,166,71,81,179,91,236,108,21,47,35,192,165,40,146,167,160]]"
5000.0,20260832,88437.5683648405,81568.50269384096,6869.065670999534,225,4,96.02113435250968,95.24925119306462,30.000732000000426,6,1,"[[139,41,44,61,133,173,7,207,238,33,121,14,90,83,122,17,196,204,156,64,240,104,62,189,150,249,233,84,183,114,149,98,186,169,230,55,60,115,105,46,213,247,69,245,136,93,120,224,65,175,135,161],[197,59,68,4,126,0,52,191,3,15,25,50,177,223,77,12,222,221,128,36,153,110,211,80,28,129,72,70,13,39,118,214,206,180,54,225,200,176,244,209,239],[47,35,21,108,236,49,148,100,71,81,166,42,94,164,89,170,87,38,201,92,144,23,242,246,88,217,19,210,194,26,134,76,174,187,162,181,130,113,234,56,85,188,127,212,248,202,103,75,95,125,66,109,151,215],[91,179,195,43,45,171,86,32,27,142,145,51,123,79,117,159,30,193,53,106,119,199,2,6,1,18,182,34,48,58,220,203,124,137,131,219,231,102,140,165,40,67,146,167,160,198,11,74,97,205,208,8,24,78,101,9,226,10,147,152,20,82,22,37,158,16,29,116,31,57,178,5,99,216,168,163,243,73]]"
5000.0,20260833,92728.3571733386,86373.48110420733,6354.876069131281,228,4,96.31985189300576,96.89021142111052,30.00264320000133,6,1,"[[109,66,69,245,136,93,120,224,0,52,191,3,122,17,196,172,249,233,96,150,189,62,104,240,64,156,204,132,83,90,14,121,238,138,207,7,72,129,28,70,13,39,118,214,206,80,211,110,223,177,77,12,222,215],[239,161,135,197,59,68,126,4,175,65,50,25,15,221,128,153,36,244,209,176,200,54,180,173,133,61,163,44,168,178,57,31,5,216,99,243,41,73,184,208,205,97,2,6,1,18,74,11,198,160],[151,229,218,247,213,46,105,115,60,55,230,169,186,98,149,114,183,107,84,56,234,113,141,181,130,162,187,174,76,134,26,194,210,92,19,217,88,248,212,85,127,202,103,75,95,125,100,148,49,108,21,35,47],[167,146,67,40,192,165,140,102,231,137,131,219,179,91,81,71,166,42,195,164,94,23,246,242,144,38,87,89,170,43,45,171,86,32,27,142,145,51,123,79,117,30,58,48,34,182,220,203,193,53,106,119,152,20,82,22,37,158,16,116,29,157,8,10,226,9,24,78,101,237,139]]"
6000.0,20260831,89738.86010663999,81314.33674615246,8424.523360487521,225,4,95.89833124998404,95.8612213007306,30.002073600000585,6,1,"[[139,61,133,173,7,207,238,33,121,14,90,83,122,17,196,204,156,64,240,104,62,189,150,249,233,84,107,183,114,149,98,186,169,230,55,60,115,105,46,213,247,218,69,245,229,136,93,120,224,65,175,135,161],[197,59,68,4,126,0,52,191,3,15,25,50,177,223,77,12,222,221,128,36,153,110,211,80,28,129,72,70,13,39,118,214,206,180,54,225,200,176,244,209,239],[47,35,21,108,49,148,100,71,166,42,94,164,89,87,38,201,92,144,23,242,246,88,217,19,194,26,134,76,174,187,162,130,181,141,113,234,56,85,188,127,212,248,202,103,227,75,95,125,66,109,151,215],[91,81,195,43,45,171,86,32,27,142,145,51,123,79,117,159,30,193,119,106,53,6,2,1,18,182,34,48,58,220,203,124,137,131,219,231,102,140,165,40,67,146,167,160,198,11,74,97,205,208,8,24,78,101,9,226,10,157,147,152,20,82,22,37,158,16,29,116,31,57,178,5,216,168,44,163,41,243,73]]"
6000.0,20260832,91547.52889280157,76931.8829307807,14615.645962020848,210,4,91.7221175463788,91.54023958157924,30.006987600005232,6,0,"[[73,41,99,216,5,31,57,178,168,44,61,133,173,7,14,90,204,156,64,62,104,240,196,17,122,218,136,229,245,69,67,34,48,18,1,6,2,205,208,8,157,16,152,20,82,22,37,158,116,29,10,226,9,24,78,11,198,184],[161,209,244,176,200,225,54,180,206,214,118,39,13,70,72,129,28,80,211,110,153,36,128,221,222,12,77,223,177,50,25,15,3,191,52,0,224,120,65,175,4,126,68,59,197,135,215,151],[93,247,213,46,105,115,60,55,230,169,186,98,149,114,183,107,84,56,234,113,141,181,130,162,187,174,76,134,26,194,201,210,92,19,217,88,248,212,85,127,188,202,103,227,75,95,100,148,125,66,109],[49,246,242,23,144,38,87,89,170,235,45,171,86,32,27,142,185,145,51,123,79,117,159,30,241,124,137,131,219,231,102,140,43,195,164,94,42,166,71,81,179,91,236,108,21,47,35,192,165,40,146,167,160]]"
6000.0,20260833,93892.14121626444,87175.57502802876,6716.56618823567,228,4,97.03709829906872,97.07124488181334,30.003203300002497,6,1,"[[109,66,229,136,93,120,224,0,52,191,3,122,17,196,172,249,233,96,150,189,62,104,240,64,156,204,83,90,14,121,33,238,138,207,7,72,129,28,70,13,39,118,214,206,80,211,110,223,177,77,12,222,215],[239,161,135,197,59,68,126,4,175,65,50,25,15,221,128,153,36,244,209,176,200,54,180,173,133,61,163,44,168,178,57,31,5,216,99,243,41,73,184,208,205,97,2,6,1,18,74,11,198,160],[151,69,218,247,213,46,105,115,60,55,230,169,186,98,149,114,183,107,84,56,234,113,141,181,130,112,162,187,174,76,134,26,194,210,92,19,217,88,248,212,85,127,202,103,75,95,125,100,148,49,108,21,35,47],[167,146,67,40,192,165,140,102,231,137,131,219,179,91,81,71,166,42,195,164,94,23,246,242,144,38,87,89,170,43,45,171,86,32,27,142,145,51,123,79,117,30,58,48,34,182,220,203,193,53,106,119,152,20,82,22,37,158,16,116,29,157,8,10,226,9,24,78,101,237,139]]"
7000.0,20260831,90780.5402726901,84007.41701309058,6773.123259599511,233,4,97.46045041098368,96.94020213983612,30.00171080000291,6,0,"[[61,133,173,7,207,238,33,121,14,90,83,122,17,196,204,156,64,240,104,62,189,150,96,249,233,84,107,183,114,149,98,186,169,230,55,60,115,105,46,213,247,218,69,245,229,136,93,120,224,65,175,4,135,161],[197,59,68,126,0,52,191,3,15,25,50,177,223,77,12,222,221,128,36,153,110,211,80,28,129,72,70,13,39,118,214,206,180,54,225,200,176,244,209,239],[47,35,21,108,236,49,148,100,71,81,166,42,94,164,89,170,87,38,201,92,144,23,242,246,88,217,19,210,194,26,134,76,174,187,162,112,130,181,141,113,234,56,85,188,127,212,248,202,103,227,75,95,125,66,109,151,215],[91,179,195,43,45,171,86,32,27,142,145,51,123,79,117,159,30,193,53,106,119,199,2,6,1,18,182,34,48,58,220,203,124,137,131,219,231,102,140,165,192,40,67,146,167,160,198,11,74,97,205,208,8,24,78,101,9,226,10,157,147,152,20,82,22,37,158,16,29,116,31,57,178,5,99,216,168,44,163,41,243,73]]"
7000.0,20260832,93943.50932483457,78012.18985353172,15931.31947130284,212,4,92.3741647785869,91.89524515788756,30.00166829999944,6,0,"[[73,41,99,216,5,31,57,178,168,44,61,133,173,7,14,90,83,204,156,64,62,104,240,196,17,122,218,136,229,245,69,67,34,48,18,1,6,2,205,208,8,157,16,152,20,82,22,37,158,116,29,10,226,9,24,78,11,198,184],[161,209,244,176,200,225,54,180,206,214,118,39,13,70,72,129,28,80,211,110,153,36,128,221,222,12,77,223,177,50,25,15,3,191,52,0,224,120,65,175,4,126,68,59,197,135,215,151],[93,247,213,46,105,115,60,55,230,169,186,98,149,114,183,107,84,56,234,113,141,181,130,112,162,187,174,76,134,26,194,201,210,92,19,217,88,248,212,85,127,188,202,103,227,75,95,100,148,125,66,109],[49,246,242,23,144,38,87,89,170,235,45,171,86,32,27,142,185,145,51,123,79,117,159,30,241,124,137,131,219,231,102,140,43,195,164,94,42,166,71,81,179,91,236,108,21,47,35,192,165,40,146,167,160]]"
7000.0,20260833,94689.52670660504,86251.71615610701,8437.810550498032,228,4,96.6471755756269,96.50244349885983,30.005171099997824,6,1,"[[109,66,69,245,136,93,120,224,0,52,191,3,122,17,196,172,249,96,150,189,62,104,240,64,156,204,83,90,14,121,33,238,138,207,7,72,129,28,70,13,39,118,214,206,80,211,110,223,177,77,12,222,59,215],[239,161,135,197,175,65,4,126,68,50,25,15,221,128,153,36,244,209,176,200,54,180,133,61,163,44,168,178,57,31,5,216,99,243,41,73,184,208,97,2,6,1,18,74,11,198,160],[151,229,218,247,213,46,105,60,55,230,169,186,98,149,114,183,107,84,56,234,113,141,130,112,181,162,187,174,76,134,26,194,201,210,92,19,217,88,248,212,85,127,188,202,103,227,75,95,125,49,236,108,21,35,47],[167,146,67,40,192,165,140,102,231,137,131,219,179,91,81,71,166,42,94,164,23,246,242,144,38,87,89,170,43,45,171,86,32,27,142,145,51,123,79,117,159,30,124,58,48,34,182,220,203,193,53,106,119,152,20,82,22,37,158,16,116,29,157,8,10,226,9,24,78,101,237,139]]"
8000.0,20260831,91748.12930977574,84007.41701309058,7740.712296685155,233,4,97.46045041098368,96.94020213983612,30.00619139999617,6,0,"[[61,133,173,7,207,238,33,121,14,90,83,122,17,196,204,156,64,240,104,62,189,150,96,249,233,84,107,183,114,149,98,186,169,230,55,60,115,105,46,213,247,218,69,245,229,136,93,120,224,65,175,4,135,161],[197,59,68,126,0,52,191,3,15,25,50,177,223,77,12,222,221,128,36,153,110,211,80,28,129,72,70,13,39,118,214,206,180,54,225,200,176,244,209,239],[47,35,21,108,236,49,148,100,71,81,166,42,94,164,89,170,87,38,201,92,144,23,242,246,88,217,19,210,194,26,134,76,174,187,162,112,130,181,141,113,234,56,85,188,127,212,248,202,103,227,75,95,125,66,109,151,215],[91,179,195,43,45,171,86,32,27,142,145,51,123,79,117,159,30,193,53,106,119,199,2,6,1,18,182,34,48,58,220,203,124,137,131,219,231,102,140,165,192,40,67,146,167,160,198,11,74,97,205,208,8,24,78,101,9,226,10,157,147,152,20,82,22,37,158,16,29,116,31,57,178,5,99,216,168,44,163,41,243,73]]"
8000.0,20260832,92527.81999421904,86990.85202789951,5536.967966319546,240,4,98.28366454251552,98.15594324297756,30.185572400005185,6,6,"[[161,135,197,68,126,4,175,65,120,224,0,52,191,3,122,17,196,172,249,233,96,150,189,62,104,240,64,156,204,63,83,90,14,121,33,238,138,207,7,70,13,39,118,214,180,54,225,73,239],[184,198,11,67,182,220,203,193,53,106,119,199,2,6,1,18,74,97,205,208,8,24,78,9,101,237,226,10,157,147,152,20,82,22,37,158,16,29,116,143,133,173,61,178,57,31,5,99,216,168,44,163,200,176,244,221,128,153,36,206,72,129,28,80,211,110,15,25,50,177,223,77,12,222,59,209,41,243,139],[215,93,136,229,245,69,218,247,213,46,105,115,60,55,230,169,186,98,149,114,183,107,56,234,113,141,130,181,162,187,174,76,134,26,194,210,92,144,23,88,202,248,212,85,127,188,103,227,75,95,125,66,151],[109,108,21,47,35,192,165,140,43,195,42,164,94,166,71,81,179,91,236,49,148,100,246,242,217,19,201,38,87,89,170,235,45,171,86,32,27,142,185,145,51,123,79,117,159,30,124,137,131,219,231,102,58,48,34,40,146,167,160]]"
8000.0,20260833,95663.1434398527,86554.76120951673,9108.382230335976,229,4,96.89384903747656,96.58269111258792,30.00665830000071,6,1,"[[109,66,69,245,136,93,120,224,0,52,191,3,122,17,196,172,249,96,150,189,62,104,240,64,156,204,83,90,14,121,33,238,138,207,7,72,129,28,70,13,39,118,214,206,80,211,110,223,177,77,12,222,59,215],[239,161,135,197,175,65,4,126,68,50,25,15,221,128,153,36,244,209,176,200,54,180,173,133,61,163,44,168,178,57,31,5,216,99,243,41,73,184,208,97,2,6,1,18,74,11,198,160],[151,229,218,247,213,46,105,60,55,230,169,186,98,149,114,183,107,84,56,234,113,141,130,112,181,162,187,174,76,134,26,194,201,210,92,19,217,88,248,212,85,127,188,202,103,227,75,95,125,148,49,236,108,21,35,47],[167,146,67,40,192,165,140,102,231,137,131,219,179,91,81,71,166,42,94,164,23,246,242,144,38,87,89,170,43,45,171,86,32,27,142,145,51,123,79,117,159,30,58,48,34,182,220,203,193,53,106,119,152,20,82,22,37,158,16,116,29,157,8,10,226,9,24,78,101,237,139]]"
9000.0,20260831,92715.71834686138,84007.41701309058,8708.3013337708,233,4,97.46045041098368,96.94020213983612,30.00425900000846,6,0,"[[61,133,173,7,207,238,33,121,14,90,83,122,17,196,204,156,64,240,104,62,189,150,96,249,233,84,107,183,114,149,98,186,169,230,55,60,115,105,46,213,247,218,69,245,229,136,93,120,224,65,175,4,135,161],[197,59,68,126,0,52,191,3,15,25,50,177,223,77,12,222,221,128,36,153,110,211,80,28,129,72,70,13,39,118,214,206,180,54,225,200,176,244,209,239],[47,35,21,108,236,49,148,100,71,81,166,42,94,164,89,170,87,38,201,92,144,23,242,246,88,217,19,210,194,26,134,76,174,187,162,112,130,181,141,113,234,56,85,188,127,212,248,202,103,227,75,95,125,66,109,151,215],[91,179,195,43,45,171,86,32,27,142,145,51,123,79,117,159,30,193,53,106,119,199,2,6,1,18,182,34,48,58,220,203,124,137,131,219,231,102,140,165,192,40,67,146,167,160,198,11,74,97,205,208,8,24,78,101,9,226,10,157,147,152,20,82,22,37,158,16,29,116,31,57,178,5,99,216,168,44,163,41,243,73]]"
9000.0,20260832,93124.08204501832,86894.99308290884,6229.088962109489,240,4,98.28366454251552,98.15594324297756,31.23765199999616,6,6,"[[161,135,197,68,126,4,175,65,120,224,0,52,191,3,122,17,196,172,249,233,96,150,189,62,104,240,64,156,204,63,83,90,14,121,33,238,138,207,7,70,13,39,118,214,180,54,225,73,239],[184,198,11,67,182,220,203,193,53,106,119,199,2,6,1,18,74,97,205,208,8,24,78,9,101,237,226,10,157,147,152,20,82,22,37,158,16,29,116,143,133,173,61,178,57,31,5,99,216,168,44,163,200,176,244,221,128,153,36,206,72,129,28,80,211,110,15,25,50,177,223,77,12,222,59,209,41,243,139],[215,93,136,229,245,69,218,247,213,46,105,115,60,55,230,169,186,98,149,114,183,107,56,234,113,141,130,181,162,187,174,76,134,26,194,210,92,144,23,88,202,248,212,85,127,188,103,227,75,95,125,66,151],[109,108,21,47,35,192,165,140,43,195,164,94,42,166,71,81,179,91,236,49,148,100,246,242,217,19,201,38,87,89,170,235,45,171,86,32,27,142,185,145,51,123,79,117,159,30,124,137,131,219,231,102,58,48,34,40,146,167,160]]"
9000.0,20260833,96432.20659967842,87177.78576197743,9254.420837700998,232,4,97.23204130402814,97.38428676792776,30.002229899997477,6,1,"[[109,66,229,136,93,120,224,0,52,191,3,122,17,172,249,233,96,150,189,62,104,240,64,156,204,83,90,14,121,33,238,138,7,72,129,28,70,13,39,118,214,206,80,211,110,223,177,77,12,222,215],[239,161,135,197,59,68,126,4,175,65,50,25,15,221,128,153,36,244,209,176,200,225,54,180,173,133,61,163,44,168,178,57,31,5,216,99,243,41,73,184,208,199,97,2,6,1,18,74,11,198,160],[151,69,218,247,213,46,105,115,60,55,230,169,186,98,149,114,183,107,84,56,234,113,130,181,141,162,187,174,76,134,26,194,201,210,92,19,217,248,212,85,127,188,202,88,103,227,75,95,125,100,148,49,236,108,21,35,47],[167,146,67,40,192,165,140,102,231,137,131,219,179,91,81,71,166,42,195,164,94,23,246,242,144,38,87,89,170,43,45,171,86,32,27,142,145,51,123,79,117,159,30,124,58,48,34,182,220,203,193,53,106,119,152,20,82,22,37,158,16,116,29,10,157,8,24,78,9,226,101,237,139]]"
10000.0,20260831,93683.30738394705,84007.41701309058,9675.890370856445,233,4,97.46045041098368,96.94020213983612,30.00258309999481,6,0,"[[61,133,173,7,207,238,33,121,14,90,83,122,17,196,204,156,64,240,104,62,189,150,96,249,233,84,107,183,114,149,98,186,169,230,55,60,115,105,46,213,247,218,69,245,229,136,93,120,224,65,175,4,135,161],[197,59,68,126,0,52,191,3,15,25,50,177,223,77,12,222,221,128,36,153,110,211,80,28,129,72,70,13,39,118,214,206,180,54,225,200,176,244,209,239],[47,35,21,108,236,49,148,100,71,81,166,42,94,164,89,170,87,38,201,92,144,23,242,246,88,217,19,210,194,26,134,76,174,187,162,112,130,181,141,113,234,56,85,188,127,212,248,202,103,227,75,95,125,66,109,151,215],[91,179,195,43,45,171,86,32,27,142,145,51,123,79,117,159,30,193,53,106,119,199,2,6,1,18,182,34,48,58,220,203,124,137,131,219,231,102,140,165,192,40,67,146,167,160,198,11,74,97,205,208,8,24,78,101,9,226,10,157,147,152,20,82,22,37,158,16,29,116,31,57,178,5,99,216,168,44,163,41,243,73]]"
10000.0,20260832,93751.54934287132,87112.70259818585,6638.8467446854775,240,4,98.41863380270058,98.3174528857006,30.50948329998937,6,6,"[[161,135,197,68,126,4,175,65,120,224,0,52,191,3,122,17,196,172,249,233,96,150,189,62,104,240,64,156,204,63,83,90,14,121,33,238,138,207,7,70,13,39,118,214,180,54,225,73,239],[184,198,11,67,182,220,203,193,53,106,119,199,2,6,1,18,74,97,205,208,8,24,78,9,101,237,226,10,157,147,152,20,82,22,37,158,16,29,116,143,133,173,61,178,57,31,5,99,216,168,44,163,200,176,244,221,128,153,36,206,72,129,28,80,211,110,15,25,50,177,223,77,12,222,59,209,41,243,139],[215,93,136,229,245,69,218,247,213,46,105,115,60,55,230,169,186,98,149,114,183,107,84,56,234,113,141,181,162,187,174,76,134,26,194,210,92,144,23,88,202,248,212,85,127,188,103,227,75,95,125,66,151],[109,108,21,47,35,192,165,140,43,195,42,164,94,166,71,81,179,91,236,49,148,100,246,242,217,19,201,38,87,89,170,235,45,171,86,32,27,142,185,145,51,123,79,117,159,30,124,137,131,219,231,102,58,48,34,40,146,167,160]]"
10000.0,20260833,97379.71238423669,89529.79877518398,7849.913609052701,237,4,98.04138996507574,97.7551972413972,30.0061585999938,6,0,"[[109,66,69,245,229,136,93,120,224,0,52,191,3,122,17,196,172,249,233,96,150,189,62,104,240,64,156,204,132,83,90,14,121,33,238,138,207,7,72,129,28,70,13,39,118,214,206,80,211,110,223,177,77,12,222,215],[239,161,135,197,59,68,126,4,175,65,50,25,15,221,128,153,36,244,209,176,200,225,54,180,173,133,61,163,44,168,178,57,31,5,216,99,243,41,73,184,205,208,199,97,2,6,1,18,74,11,198,160],[151,218,247,213,46,105,115,60,55,230,169,186,98,149,114,183,107,84,56,234,113,141,181,130,112,162,187,174,76,134,26,194,201,210,92,19,217,88,248,212,85,127,188,202,103,227,75,95,125,100,148,49,236,108,21,35,47],[167,146,67,40,192,165,140,102,231,137,131,219,179,91,81,71,166,42,195,164,94,23,246,242,144,38,87,89,170,43,45,171,86,32,27,142,145,51,123,79,117,159,30,58,48,34,182,220,203,193,53,106,119,152,20,82,22,37,158,16,116,29,157,8,10,226,9,24,78,101,237,139]]"
10500.0,20260831,94167.10190248986,84007.41701309058,10159.684889399266,233,4,97.46045041098368,96.94020213983612,30.000622899999144,6,0,"[[61,133,173,7,207,238,33,121,14,90,83,122,17,196,204,156,64,240,104,62,189,150,96,249,233,84,107,183,114,149,98,186,169,230,55,60,115,105,46,213,247,218,69,245,229,136,93,120,224,65,175,4,135,161],[197,59,68,126,0,52,191,3,15,25,50,177,223,77,12,222,221,128,36,153,110,211,80,28,129,72,70,13,39,118,214,206,180,54,225,200,176,244,209,239],[47,35,21,108,236,49,148,100,71,81,166,42,94,164,89,170,87,38,201,92,144,23,242,246,88,217,19,210,194,26,134,76,174,187,162,112,130,181,141,113,234,56,85,188,127,212,248,202,103,227,75,95,125,66,109,151,215],[91,179,195,43,45,171,86,32,27,142,145,51,123,79,117,159,30,193,53,106,119,199,2,6,1,18,182,34,48,58,220,203,124,137,131,219,231,102,140,165,192,40,67,146,167,160,198,11,74,97,205,208,8,24,78,101,9,226,10,157,147,152,20,82,22,37,158,16,29,116,31,57,178,5,99,216,168,44,163,41,243,73]]"
10500.0,20260832,94083.4916801056,87112.70259818585,6970.789081919751,240,4,98.41863380270058,98.3174528857006,30.4507195000042,6,6,"[[161,135,197,68,126,4,175,65,120,224,0,52,191,3,122,17,196,172,249,233,96,150,189,62,104,240,64,156,204,63,83,90,14,121,33,238,138,207,7,70,13,39,118,214,180,54,225,73,239],[184,198,11,67,182,220,203,193,53,106,119,199,2,6,1,18,74,97,205,208,8,24,78,9,101,237,226,10,157,147,152,20,82,22,37,158,16,29,116,143,133,173,61,178,57,31,5,99,216,168,44,163,200,176,244,221,128,153,36,206,72,129,28,80,211,110,15,25,50,177,223,77,12,222,59,209,41,243,139],[215,93,136,229,245,69,218,247,213,46,105,115,60,55,230,169,186,98,149,114,183,107,84,56,234,113,141,181,162,187,174,76,134,26,194,210,92,144,23,88,202,248,212,85,127,188,103,227,75,95,125,66,151],[109,108,21,47,35,192,165,140,43,195,42,164,94,166,71,81,179,91,236,49,148,100,246,242,217,19,201,38,87,89,170,235,45,171,86,32,27,142,185,145,51,123,79,117,159,30,124,137,131,219,231,102,58,48,34,40,146,167,160]]"
10500.0,20260833,96261.8487902403,88116.62361917194,8145.225171068363,238,4,98.04019754101176,97.7111344010496,30.002470600011293,6,3,"[[139,7,207,138,238,33,121,14,90,83,122,17,196,132,204,156,64,240,104,62,189,150,96,249,233,84,107,183,114,149,98,186,169,230,55,60,115,105,46,213,247,218,224,120,93,136,229,245,69,215],[184,160,167,146,67,182,18,1,6,2,199,208,205,97,74,11,198,101,9,78,24,8,157,10,226,237,31,57,178,5,41,209,244,176,200,225,54,180,214,118,39,13,70,72,129,28,80,206,211,110,153,36,128,221,222,12,77,223,177,50,25,15,3,191,52,0,65,175,4,126,68,59,197,135,161],[151,109,66,125,95,75,227,103,202,248,212,127,188,85,56,234,113,130,181,141,162,187,174,76,134,26,194,210,19,217,88,246,242,23,144,92,201,38,87,170,89,164,94,42,166,81,71,100,148,49,108,21,47,35,192,165,40],[236,91,179,195,43,45,171,86,32,27,142,185,145,51,123,79,117,159,30,124,137,131,219,231,102,140,34,48,58,220,203,193,53,106,119,20,82,22,152,37,158,16,29,116,143,133,173,61,163,44,168,216,99,243,73,239]]"
11000.0,20260831,94650.89642103268,84007.41701309058,10643.479407942088,233,4,97.46045041098368,96.94020213983612,30.001642899995204,6,0,"[[61,133,173,7,207,238,33,121,14,90,83,122,17,196,204,156,64,240,104,62,189,150,96,249,233,84,107,183,114,149,98,186,169,230,55,60,115,105,46,213,247,218,69,245,229,136,93,120,224,65,175,4,135,161],[197,59,68,126,0,52,191,3,15,25,50,177,223,77,12,222,221,128,36,153,110,211,80,28,129,72,70,13,39,118,214,206,180,54,225,200,176,244,209,239],[47,35,21,108,236,49,148,100,71,81,166,42,94,164,89,170,87,38,201,92,144,23,242,246,88,217,19,210,194,26,134,76,174,187,162,112,130,181,141,113,234,56,85,188,127,212,248,202,103,227,75,95,125,66,109,151,215],[91,179,195,43,45,171,86,32,27,142,145,51,123,79,117,159,30,193,53,106,119,199,2,6,1,18,182,34,48,58,220,203,124,137,131,219,231,102,140,165,192,40,67,146,167,160,198,11,74,97,205,208,8,24,78,101,9,226,10,157,147,152,20,82,22,37,158,16,29,116,31,57,178,5,99,216,168,44,163,41,243,73]]"
11000.0,20260832,94415.43401733988,87112.70259818585,7302.731419154024,240,4,98.41863380270058,98.3174528857006,30.29825720000372,6,6,"[[161,135,197,68,126,4,175,65,120,224,0,52,191,3,122,17,196,172,249,233,96,150,189,62,104,240,64,156,204,63,83,90,14,121,33,238,138,207,7,70,13,39,118,214,180,54,225,73,239],[184,198,11,67,182,220,203,193,53,106,119,199,2,6,1,18,74,97,205,208,8,24,78,9,101,237,226,10,157,147,152,20,82,22,37,158,16,29,116,143,133,173,61,178,57,31,5,99,216,168,44,163,200,176,244,221,128,153,36,206,72,129,28,80,211,110,15,25,50,177,223,77,12,222,59,209,41,243,139],[215,93,136,229,245,69,218,247,213,46,105,115,60,55,230,169,186,98,149,114,183,107,84,56,234,113,141,181,162,187,174,76,134,26,194,210,92,144,23,88,202,248,212,85,127,188,103,227,75,95,125,66,151],[109,108,21,47,35,192,165,140,43,195,42,164,94,166,71,81,179,91,236,49,148,100,246,242,217,19,201,38,87,89,170,235,45,171,86,32,27,142,185,145,51,123,79,117,159,30,124,137,131,219,231,102,58,48,34,40,146,167,160]]"
11000.0,20260833,96633.6691007287,88100.57606437137,8533.093036357333,238,4,98.04019754101176,97.7111344010496,30.09095160001016,6,4,"[[7,207,138,238,33,121,14,90,83,122,17,196,132,204,156,64,240,104,62,189,150,96,249,233,84,107,183,114,149,98,186,169,230,55,60,115,105,46,213,247,218,224,120,93,136,229,245,69,215],[184,160,167,146,67,182,18,1,6,2,199,208,205,97,74,11,198,101,9,78,24,8,157,10,226,237,31,57,178,5,41,209,244,176,200,225,54,180,214,118,39,13,70,72,129,28,80,206,211,110,153,36,128,221,222,12,77,223,177,50,25,15,3,191,52,0,65,175,4,126,68,59,197,135,161],[151,66,125,95,75,227,103,202,248,212,127,188,85,56,234,113,141,181,130,162,187,174,76,134,26,194,210,19,217,88,246,242,23,144,92,201,38,87,170,89,164,94,42,166,81,71,100,148,49,108,21,47,35,192,165,40],[109,236,91,179,195,43,45,171,86,32,27,142,185,145,51,123,79,117,159,30,124,137,131,219,231,102,140,34,48,58,220,203,193,53,106,119,20,82,22,152,37,158,16,29,116,143,133,173,61,163,44,168,216,99,243,73,139,239]]"
11500.0,20260831,95134.69093957548,84007.41701309058,11127.27392648491,233,4,97.46045041098368,96.94020213983612,30.00496259999636,6,0,"[[61,133,173,7,207,238,33,121,14,90,83,122,17,196,204,156,64,240,104,62,189,150,96,249,233,84,107,183,114,149,98,186,169,230,55,60,115,105,46,213,247,218,69,245,229,136,93,120,224,65,175,4,135,161],[197,59,68,126,0,52,191,3,15,25,50,177,223,77,12,222,221,128,36,153,110,211,80,28,129,72,70,13,39,118,214,206,180,54,225,200,176,244,209,239],[47,35,21,108,236,49,148,100,71,81,166,42,94,164,89,170,87,38,201,92,144,23,242,246,88,217,19,210,194,26,134,76,174,187,162,112,130,181,141,113,234,56,85,188,127,212,248,202,103,227,75,95,125,66,109,151,215],[91,179,195,43,45,171,86,32,27,142,145,51,123,79,117,159,30,193,53,106,119,199,2,6,1,18,182,34,48,58,220,203,124,137,131,219,231,102,140,165,192,40,67,146,167,160,198,11,74,97,205,208,8,24,78,101,9,226,10,157,147,152,20,82,22,37,158,16,29,116,31,57,178,5,99,216,168,44,163,41,243,73]]"
11500.0,20260832,94769.1842260178,88975.01121869919,5794.17300731861,242,4,98.9860052118344,98.33411955236728,30.00296270000399,7,5,"[[161,135,197,68,126,4,175,65,120,224,0,52,191,3,122,17,196,172,249,233,96,150,189,62,104,240,64,156,204,63,83,90,14,121,33,238,138,207,7,70,13,39,118,214,180,54,225,73,239],[184,198,11,67,182,220,203,193,53,106,119,199,2,6,1,18,74,97,205,208,8,24,78,9,101,237,226,10,157,147,152,20,82,22,37,158,16,29,116,143,133,173,61,178,57,31,5,99,216,168,44,163,200,176,244,221,128,153,36,206,72,129,28,80,211,110,15,25,50,177,223,77,12,222,59,209,41,243,139],[215,93,136,229,245,69,218,247,213,46,105,115,60,55,230,169,186,98,149,114,183,107,84,56,234,113,141,130,112,181,162,187,174,76,134,26,194,210,92,144,23,88,202,248,212,85,127,188,103,227,75,95,125,66,109,151],[108,21,47,35,192,165,140,43,195,42,166,164,94,71,81,179,91,236,49,148,100,246,242,217,19,201,38,87,89,170,235,45,171,86,32,27,142,185,145,51,123,79,117,159,30,124,137,131,219,231,102,58,48,34,40,146,167,160]]"
11500.0,20260833,96853.49049023024,89031.36721007578,7822.123280154455,239,4,98.40000147553437,97.72780106771629,30.500946000000116,6,3,"[[225,7,207,138,238,33,121,14,90,83,122,17,196,132,204,156,64,240,104,62,189,150,96,249,233,84,107,183,114,149,98,186,169,230,55,60,115,105,46,213,247,218,224,120,93,136,229,245,69,215],[184,160,167,146,67,182,18,1,6,2,199,208,205,97,74,11,198,101,9,78,24,8,157,10,226,237,31,57,178,5,41,209,244,176,200,54,180,214,118,39,13,70,72,129,28,80,206,211,110,153,36,128,221,222,12,77,223,177,50,25,15,3,191,52,0,65,175,4,126,68,59,197,135,161],[151,109,66,125,95,75,227,103,202,248,212,127,188,85,56,234,113,141,181,130,112,162,187,174,76,134,26,194,210,19,217,88,246,242,23,144,92,201,38,87,170,89,164,94,42,166,81,71,100,148,49,236,108,21,47,35,192,165,40],[91,179,195,43,45,171,86,32,27,142,185,145,51,123,79,117,159,30,124,137,131,219,231,102,140,34,48,58,220,203,193,53,106,119,20,82,22,152,37,158,16,29,116,143,133,173,61,163,44,168,216,99,243,73,139,239]]"
12000.0,20260831,95555.43726362564,85584.33190912336,9971.105354502288,235,4,97.9743016983688,97.46376551266646,30.000989799998933,6,0,"[[139,61,133,173,7,207,238,33,121,14,90,63,83,122,17,196,204,156,64,240,104,62,189,150,96,249,233,84,107,183,114,149,98,186,169,230,55,60,115,105,46,213,247,218,69,245,229,136,93,120,224,65,175,4,135,161],[197,59,68,126,0,52,191,3,15,25,50,177,223,77,12,222,221,128,36,153,110,211,80,28,129,72,70,13,39,118,214,206,180,54,225,200,176,244,209,239],[47,35,21,108,236,49,148,100,71,81,166,42,94,164,89,170,87,38,201,92,144,23,242,246,88,217,19,210,194,26,134,76,174,187,162,112,130,181,141,113,234,56,85,188,127,212,248,202,103,227,75,95,125,66,109,151,215],[91,179,195,43,45,171,86,32,27,142,145,51,123,79,117,159,30,193,53,106,119,199,2,6,1,18,182,34,48,58,220,203,124,137,131,219,231,102,140,165,192,40,67,146,167,160,198,11,74,97,205,208,8,24,78,101,9,226,10,157,147,152,20,82,22,37,158,16,29,116,31,57,178,5,99,216,168,44,163,41,243,73]]"
12000.0,20260832,95021.1047915534,88975.01121869919,6046.093572854202,242,4,98.9860052118344,98.33411955236728,30.004621999993105,7,5,"[[161,135,197,68,126,4,175,65,120,224,0,52,191,3,122,17,196,172,249,233,96,150,189,62,104,240,64,156,204,63,83,90,14,121,33,238,138,207,7,70,13,39,118,214,180,54,225,73,239],[184,198,11,67,182,220,203,193,53,106,119,199,2,6,1,18,74,97,205,208,8,24,78,9,101,237,226,10,157,147,152,20,82,22,37,158,16,29,116,143,133,173,61,178,57,31,5,99,216,168,44,163,200,176,244,221,128,153,36,206,72,129,28,80,211,110,15,25,50,177,223,77,12,222,59,209,41,243,139],[215,93,136,229,245,69,218,247,213,46,105,115,60,55,230,169,186,98,149,114,183,107,84,56,234,113,141,130,112,181,162,187,174,76,134,26,194,210,92,144,23,88,202,248,212,85,127,188,103,227,75,95,125,66,109,151],[108,21,47,35,192,165,140,43,195,42,166,164,94,71,81,179,91,236,49,148,100,246,242,217,19,201,38,87,89,170,235,45,171,86,32,27,142,185,145,51,123,79,117,159,30,124,137,131,219,231,102,58,48,34,40,146,167,160]]"
12000.0,20260833,96924.60439589762,89314.92290624185,7609.681489655773,240,4,98.5398097241979,97.9118313693964,30.039353600004688,6,6,"[[225,7,207,138,238,33,121,14,90,83,122,17,196,132,204,156,64,240,104,62,189,150,96,249,233,84,107,183,114,149,98,186,169,230,55,60,115,105,46,213,247,218,224,120,93,136,229,245,69,215],[160,67,182,18,1,6,2,208,205,97,74,11,198,184,101,9,78,24,8,157,10,226,237,31,57,178,5,41,209,244,176,200,54,180,214,118,39,13,70,72,129,28,80,206,211,110,153,36,128,221,222,12,77,223,177,50,25,15,3,191,52,0,65,175,4,126,68,59,197,135,161],[151,109,66,125,95,75,227,103,202,248,212,127,188,85,56,234,113,141,181,130,112,162,187,174,76,134,26,194,210,19,217,88,246,242,23,144,92,201,38,87,170,89,164,94,42,166,81,71,100,148,49,236,108,21,47,35,192,165,40,146,167],[91,179,195,43,45,171,86,32,27,142,185,145,51,123,79,117,159,30,124,137,131,219,231,102,140,34,48,58,220,203,193,53,106,119,199,20,82,22,152,37,158,16,147,29,116,143,133,173,61,163,44,168,216,99,243,73,139,239]]"
12500.0,20260831,95806.91430243549,83340.99864225439,12465.91566018108,232,4,97.36918335612788,96.84913322907164,30.003292099994724,6,1,"[[139,61,133,173,7,207,238,33,121,14,90,83,122,17,196,204,156,64,240,104,62,189,150,96,249,233,84,107,183,114,149,98,186,169,230,55,60,115,105,46,213,247,218,69,245,229,136,93,120,224,65,175,135,161],[197,59,68,4,126,0,52,3,15,25,50,177,223,77,12,222,221,128,36,153,110,211,80,28,129,72,70,13,39,118,214,206,180,54,225,200,176,244,209,239],[47,35,21,236,49,148,100,71,81,166,42,94,164,89,170,87,38,201,92,144,23,242,246,88,217,19,210,194,26,134,76,174,187,162,112,130,181,141,113,234,56,85,188,127,212,248,202,103,227,75,95,125,66,151,215],[109,108,91,179,195,43,45,171,86,32,27,142,145,51,123,79,117,159,30,119,106,53,199,2,6,1,18,182,34,48,58,220,203,124,137,131,219,231,102,140,165,192,40,67,146,167,160,198,11,74,97,205,208,8,24,78,101,9,226,10,157,147,152,20,82,22,37,158,16,29,116,31,57,178,5,99,216,168,44,163,41,243,73]]"
12500.0,20260832,95273.02535708898,88975.01121869919,6298.0141383897935,242,4,98.9860052118344,98.33411955236728,30.001623499993,7,5,"[[161,135,197,68,126,4,175,65,120,224,0,52,191,3,122,17,196,172,249,233,96,150,189,62,104,240,64,156,204,63,83,90,14,121,33,238,138,207,7,70,13,39,118,214,180,54,225,73,239],[184,198,11,67,182,220,203,193,53,106,119,199,2,6,1,18,74,97,205,208,8,24,78,9,101,237,226,10,157,147,152,20,82,22,37,158,16,29,116,143,133,173,61,178,57,31,5,99,216,168,44,163,200,176,244,221,128,153,36,206,72,129,28,80,211,110,15,25,50,177,223,77,12,222,59,209,41,243,139],[215,93,136,229,245,69,218,247,213,46,105,115,60,55,230,169,186,98,149,114,183,107,84,56,234,113,141,130,112,181,162,187,174,76,134,26,194,210,92,144,23,88,202,248,212,85,127,188,103,227,75,95,125,66,109,151],[108,21,47,35,192,165,140,43,195,42,166,164,94,71,81,179,91,236,49,148,100,246,242,217,19,201,38,87,89,170,235,45,171,86,32,27,142,185,145,51,123,79,117,159,30,124,137,131,219,231,102,58,48,34,40,146,167,160]]"
12500.0,20260833,97241.6744579666,89314.92290624185,7926.751551724765,240,4,98.5398097241979,97.9118313693964,30.00115540000843,6,6,"[[225,7,207,138,238,33,121,14,90,83,122,17,196,132,204,156,64,240,104,62,189,150,96,249,233,84,107,183,114,149,98,186,169,230,55,60,115,105,46,213,247,218,224,120,93,136,229,245,69,215],[160,67,182,18,1,6,2,208,205,97,74,11,198,184,101,9,78,24,8,157,10,226,237,31,57,178,5,41,209,244,176,200,54,180,214,118,39,13,70,72,129,28,80,206,211,110,153,36,128,221,222,12,77,223,177,50,25,15,3,191,52,0,65,175,4,126,68,59,197,135,161],[151,109,66,125,95,75,227,103,202,248,212,127,188,85,56,234,113,141,181,130,112,162,187,174,76,134,26,194,210,19,217,88,246,242,23,144,92,201,38,87,170,89,164,94,42,166,81,71,100,148,49,236,108,21,47,35,192,165,40,146,167],[91,179,195,43,45,171,86,32,27,142,185,145,51,123,79,117,159,30,124,137,131,219,231,102,140,34,48,58,220,203,193,53,106,119,199,20,82,22,152,37,158,16,147,29,116,143,133,173,61,163,44,168,216,99,243,73,139,239]]"
13000.0,20260831,96305.55092884271,83340.99864225439,12964.55228658832,232,4,97.36918335612788,96.84913322907164,30.002381900005275,6,1,"[[139,61,133,173,7,207,238,33,121,14,90,83,122,17,196,204,156,64,240,104,62,189,150,96,249,233,84,107,183,114,149,98,186,169,230,55,60,115,105,46,213,247,218,69,245,229,136,93,120,224,65,175,135,161],[197,59,68,4,126,0,52,3,15,25,50,177,223,77,12,222,221,128,36,153,110,211,80,28,129,72,70,13,39,118,214,206,180,54,225,200,176,244,209,239],[47,35,21,236,49,148,100,71,81,166,42,94,164,89,170,87,38,201,92,144,23,242,246,88,217,19,210,194,26,134,76,174,187,162,112,130,181,141,113,234,56,85,188,127,212,248,202,103,227,75,95,125,66,151,215],[109,108,91,179,195,43,45,171,86,32,27,142,145,51,123,79,117,159,30,119,106,53,199,2,6,1,18,182,34,48,58,220,203,124,137,131,219,231,102,140,165,192,40,67,146,167,160,198,11,74,97,205,208,8,24,78,101,9,226,10,157,147,152,20,82,22,37,158,16,29,116,31,57,178,5,99,216,168,44,163,41,243,73]]"
13000.0,20260832,95524.94592262458,88975.01121869919,6549.934703925384,242,4,98.9860052118344,98.33411955236728,30.005008799998905,7,5,"[[161,135,197,68,126,4,175,65,120,224,0,52,191,3,122,17,196,172,249,233,96,150,189,62,104,240,64,156,204,63,83,90,14,121,33,238,138,207,7,70,13,39,118,214,180,54,225,73,239],[184,198,11,67,182,220,203,193,53,106,119,199,2,6,1,18,74,97,205,208,8,24,78,9,101,237,226,10,157,147,152,20,82,22,37,158,16,29,116,143,133,173,61,178,57,31,5,99,216,168,44,163,200,176,244,221,128,153,36,206,72,129,28,80,211,110,15,25,50,177,223,77,12,222,59,209,41,243,139],[215,93,136,229,245,69,218,247,213,46,105,115,60,55,230,169,186,98,149,114,183,107,84,56,234,113,141,130,112,181,162,187,174,76,134,26,194,210,92,144,23,88,202,248,212,85,127,188,103,227,75,95,125,66,109,151],[108,21,47,35,192,165,140,43,195,42,166,164,94,71,81,179,91,236,49,148,100,246,242,217,19,201,38,87,89,170,235,45,171,86,32,27,142,185,145,51,123,79,117,159,30,124,137,131,219,231,102,58,48,34,40,146,167,160]]"
13000.0,20260833,97558.7445200356,89314.92290624185,8243.821613793754,240,4,98.5398097241979,97.9118313693964,30.012880500013125,6,6,"[[225,7,207,138,238,33,121,14,90,83,122,17,196,132,204,156,64,240,104,62,189,150,96,249,233,84,107,183,114,149,98,186,169,230,55,60,115,105,46,213,247,218,224,120,93,136,229,245,69,215],[160,67,182,18,1,6,2,208,205,97,74,11,198,184,101,9,78,24,8,157,10,226,237,31,57,178,5,41,209,244,176,200,54,180,214,118,39,13,70,72,129,28,80,206,211,110,153,36,128,221,222,12,77,223,177,50,25,15,3,191,52,0,65,175,4,126,68,59,197,135,161],[151,109,66,125,95,75,227,103,202,248,212,127,188,85,56,234,113,141,181,130,112,162,187,174,76,134,26,194,210,19,217,88,246,242,23,144,92,201,38,87,170,89,164,94,42,166,81,71,100,148,49,236,108,21,47,35,192,165,40,146,167],[91,179,195,43,45,171,86,32,27,142,185,145,51,123,79,117,159,30,124,137,131,219,231,102,140,34,48,58,220,203,193,53,106,119,199,20,82,22,152,37,158,16,147,29,116,143,133,173,61,163,44,168,216,99,243,73,139,239]]"
13500.0,20260831,96551.4080879936,82367.92394955824,14183.484138435342,232,4,97.13672742600691,97.0100452408998,30.00096289999783,6,1,"[[139,61,133,173,7,207,238,33,121,14,90,83,122,17,196,132,204,156,64,240,104,62,189,150,96,249,233,84,107,183,114,149,98,186,169,230,55,60,115,105,46,213,247,218,69,245,229,136,93,120,224,65,175,135,161],[197,59,68,4,126,0,52,3,15,25,50,177,223,77,12,222,221,128,153,36,206,80,28,129,72,70,13,39,118,214,180,54,225,200,176,244,209,239],[47,35,21,236,49,148,100,71,81,166,42,94,164,89,170,87,38,201,92,144,23,242,246,88,217,19,210,194,26,134,76,174,187,162,181,130,141,113,234,56,85,188,127,212,248,202,103,227,75,95,125,66,109,151,215],[108,91,179,195,43,45,171,86,32,27,142,145,51,123,79,117,159,30,193,53,106,119,199,2,6,1,18,182,34,48,58,220,203,124,137,131,219,231,102,140,165,192,40,67,146,167,160,198,11,74,97,205,208,8,24,78,101,9,226,10,157,147,152,20,82,22,37,158,16,29,116,143,31,57,178,5,99,216,168,44,163,41,243,73]]"
13500.0,20260832,95776.86648816016,88975.01121869919,6801.855269460976,242,4,98.9860052118344,98.33411955236728,30.00425240000186,7,5,"[[161,135,197,68,126,4,175,65,120,224,0,52,191,3,122,17,196,172,249,233,96,150,189,62,104,240,64,156,204,63,83,90,14,121,33,238,138,207,7,70,13,39,118,214,180,54,225,73,239],[184,198,11,67,182,220,203,193,53,106,119,199,2,6,1,18,74,97,205,208,8,24,78,9,101,237,226,10,157,147,152,20,82,22,37,158,16,29,116,143,133,173,61,178,57,31,5,99,216,168,44,163,200,176,244,221,128,153,36,206,72,129,28,80,211,110,15,25,50,177,223,77,12,222,59,209,41,243,139],[215,93,136,229,245,69,218,247,213,46,105,115,60,55,230,169,186,98,149,114,183,107,84,56,234,113,141,130,112,181,162,187,174,76,134,26,194,210,92,144,23,88,202,248,212,85,127,188,103,227,75,95,125,66,109,151],[108,21,47,35,192,165,140,43,195,42,166,164,94,71,81,179,91,236,49,148,100,246,242,217,19,201,38,87,89,170,235,45,171,86,32,27,142,185,145,51,123,79,117,159,30,124,137,131,219,231,102,58,48,34,40,146,167,160]]"
13500.0,20260833,97875.8145821046,89314.92290624185,8560.891675862746,240,4,98.5398097241979,97.9118313693964,30.05654119999963,6,6,"[[225,7,207,138,238,33,121,14,90,83,122,17,196,132,204,156,64,240,104,62,189,150,96,249,233,84,107,183,114,149,98,186,169,230,55,60,115,105,46,213,247,218,224,120,93,136,229,245,69,215],[160,67,182,18,1,6,2,208,205,97,74,11,198,184,101,9,78,24,8,157,10,226,237,31,57,178,5,41,209,244,176,200,54,180,214,118,39,13,70,72,129,28,80,206,211,110,153,36,128,221,222,12,77,223,177,50,25,15,3,191,52,0,65,175,4,126,68,59,197,135,161],[151,109,66,125,95,75,227,103,202,248,212,127,188,85,56,234,113,141,181,130,112,162,187,174,76,134,26,194,210,19,217,88,246,242,23,144,92,201,38,87,170,89,164,94,42,166,81,71,100,148,49,236,108,21,47,35,192,165,40,146,167],[91,179,195,43,45,171,86,32,27,142,185,145,51,123,79,117,159,30,124,137,131,219,231,102,140,34,48,58,220,203,193,53,106,119,199,20,82,22,152,37,158,16,147,29,116,143,133,173,61,163,44,168,216,99,243,73,139,239]]"
14000.0,20260831,97217.28815604268,85584.33190912336,11632.956246919335,235,4,97.9743016983688,97.46376551266646,30.00082129999646,6,0,"[[139,61,133,173,7,207,238,33,121,14,90,63,83,122,17,196,204,156,64,240,104,62,189,150,96,249,233,84,107,183,114,149,98,186,169,230,55,60,115,105,46,213,247,218,69,245,229,136,93,120,224,65,175,4,135,161],[197,59,68,126,0,52,191,3,15,25,50,177,223,77,12,222,221,128,36,153,110,211,80,28,129,72,70,13,39,118,214,206,180,54,225,200,176,244,209,239],[47,35,21,108,236,49,148,100,71,81,166,42,94,164,89,170,87,38,201,92,144,23,242,246,88,217,19,210,194,26,134,76,174,187,162,112,130,181,141,113,234,56,85,188,127,212,248,202,103,227,75,95,125,66,109,151,215],[91,179,195,43,45,171,86,32,27,142,145,51,123,79,117,159,30,193,53,106,119,199,2,6,1,18,182,34,48,58,220,203,124,137,131,219,231,102,140,165,192,40,67,146,167,160,198,11,74,97,205,208,8,24,78,101,9,226,10,157,147,152,20,82,22,37,158,16,29,116,31,57,178,5,99,216,168,44,163,41,243,73]]"
14000.0,20260832,96028.78705369576,88975.01121869919,7053.775834996568,242,4,98.9860052118344,98.33411955236728,30.001066800003173,7,5,"[[161,135,197,68,126,4,175,65,120,224,0,52,191,3,122,17,196,172,249,233,96,150,189,62,104,240,64,156,204,63,83,90,14,121,33,238,138,207,7,70,13,39,118,214,180,54,225,73,239],[184,198,11,67,182,220,203,193,53,106,119,199,2,6,1,18,74,97,205,208,8,24,78,9,101,237,226,10,157,147,152,20,82,22,37,158,16,29,116,143,133,173,61,178,57,31,5,99,216,168,44,163,200,176,244,221,128,153,36,206,72,129,28,80,211,110,15,25,50,177,223,77,12,222,59,209,41,243,139],[215,93,136,229,245,69,218,247,213,46,105,115,60,55,230,169,186,98,149,114,183,107,84,56,234,113,141,130,112,181,162,187,174,76,134,26,194,210,92,144,23,88,202,248,212,85,127,188,103,227,75,95,125,66,109,151],[108,21,47,35,192,165,140,43,195,42,166,164,94,71,81,179,91,236,49,148,100,246,242,217,19,201,38,87,89,170,235,45,171,86,32,27,142,185,145,51,123,79,117,159,30,124,137,131,219,231,102,58,48,34,40,146,167,160]]"
14000.0,20260833,98192.88464417358,89314.92290624185,8877.961737931737,240,4,98.5398097241979,97.9118313693964,30.01279189999332,6,6,"[[225,7,207,138,238,33,121,14,90,83,122,17,196,132,204,156,64,240,104,62,189,150,96,249,233,84,107,183,114,149,98,186,169,230,55,60,115,105,46,213,247,218,224,120,93,136,229,245,69,215],[160,67,182,18,1,6,2,208,205,97,74,11,198,184,101,9,78,24,8,157,10,226,237,31,57,178,5,41,209,244,176,200,54,180,214,118,39,13,70,72,129,28,80,206,211,110,153,36,128,221,222,12,77,223,177,50,25,15,3,191,52,0,65,175,4,126,68,59,197,135,161],[151,109,66,125,95,75,227,103,202,248,212,127,188,85,56,234,113,141,181,130,112,162,187,174,76,134,26,194,210,19,217,88,246,242,23,144,92,201,38,87,170,89,164,94,42,166,81,71,100,148,49,236,108,21,47,35,192,165,40,146,167],[91,179,195,43,45,171,86,32,27,142,185,145,51,123,79,117,159,30,124,137,131,219,231,102,140,34,48,58,220,203,193,53,106,119,199,20,82,22,152,37,158,16,147,29,116,143,133,173,61,163,44,168,216,99,243,73,139,239]]"
15000.0,20260831,96404.17383495356,88846.5568688858,7557.616966067751,242,4,98.9860052118344,98.33411955236728,30.000346799992258,7,6,"[[161,135,197,68,126,4,175,65,120,224,0,52,191,3,122,17,196,172,249,233,96,150,189,62,104,240,64,156,204,63,83,90,14,121,33,238,138,207,7,70,13,39,118,214,180,54,225,73,239],[184,198,11,67,182,220,203,193,53,106,119,199,2,6,1,18,74,97,205,208,8,24,78,9,101,237,226,10,157,147,152,20,82,22,37,158,16,29,116,143,133,173,61,178,57,31,5,99,216,168,44,163,200,176,244,221,128,153,36,206,72,129,28,80,211,110,15,25,50,177,223,77,12,222,59,209,41,243,139],[215,93,136,229,245,69,218,247,213,46,105,115,60,55,230,169,186,98,149,114,183,107,84,56,234,113,141,130,112,181,162,187,174,76,134,26,194,210,92,144,23,88,202,248,212,85,127,188,103,227,75,95,125,66,151],[109,108,21,47,35,192,165,140,43,195,164,94,42,166,71,81,179,91,236,49,148,100,246,242,217,19,201,38,87,89,170,235,45,171,86,32,27,142,185,145,51,123,79,117,159,30,124,137,131,219,231,102,58,48,34,40,146,167,160]]"
15000.0,20260832,98048.2136022512,85584.33190912336,12463.88169312786,235,4,97.9743016983688,97.46376551266646,30.00025500000629,6,0,"[[139,61,133,173,7,207,238,33,121,14,90,63,83,122,17,196,204,156,64,240,104,62,189,150,96,249,233,84,107,183,114,149,98,186,169,230,55,60,115,105,46,213,247,218,69,245,229,136,93,120,224,65,175,4,135,161],[197,59,68,126,0,52,191,3,15,25,50,177,223,77,12,222,221,128,36,153,110,211,80,28,129,72,70,13,39,118,214,206,180,54,225,200,176,244,209,239],[47,35,21,108,236,49,148,100,71,81,166,42,94,164,89,170,87,38,201,92,144,23,242,246,88,217,19,210,194,26,134,76,174,187,162,112,130,181,141,113,234,56,85,188,127,212,248,202,103,227,75,95,125,66,109,151,215],[91,179,195,43,45,171,86,32,27,142,145,51,123,79,117,159,30,193,53,106,119,199,2,6,1,18,182,34,48,58,220,203,124,137,131,219,231,102,140,165,192,40,67,146,167,160,198,11,74,97,205,208,8,24,78,101,9,226,10,157,147,152,20,82,22,37,158,16,29,116,31,57,178,5,99,216,168,44,163,41,243,73]]"
15000.0,20260833,98985.61378804209,89473.51192597237,9512.101862069718,240,4,98.5398097241979,97.9118313693964,30.07385839999188,6,6,"[[7,207,138,238,33,121,14,90,83,122,17,196,132,204,156,64,240,104,62,189,150,96,249,233,84,107,183,114,149,98,186,169,230,55,60,115,105,46,213,247,218,224,120,93,136,229,245,69,215],[160,67,182,18,1,6,2,208,205,97,74,11,198,184,101,9,78,24,8,157,10,226,237,31,57,178,5,41,209,244,176,200,225,54,180,214,118,39,13,70,72,129,28,80,206,211,110,153,36,128,221,222,12,77,223,177,50,25,15,3,191,52,0,65,175,4,126,68,59,197,135,161],[151,109,66,125,95,75,227,103,202,248,212,127,188,85,56,234,113,141,181,130,112,162,187,174,76,134,26,194,210,19,217,88,246,242,23,144,92,201,38,87,170,89,164,94,42,166,81,71,100,148,49,108,21,47,35,192,165,40,146,167],[236,91,179,195,43,45,171,86,32,27,142,185,145,51,123,79,117,159,30,124,137,131,219,231,102,140,34,48,58,220,203,193,53,106,119,199,20,82,22,152,37,158,16,147,29,116,143,133,173,61,163,44,168,216,99,243,73,139,239]]"
17500.0,20260831,97841.56825930148,89920.2896867926,7921.278572508871,243,4,99.13510168835997,98.69643514962551,32.05530490000092,7,7,"[[161,135,197,68,126,4,175,65,120,224,0,52,191,3,122,17,196,172,249,233,96,150,189,62,104,240,132,204,156,64,63,83,90,14,121,33,238,138,207,7,70,13,39,118,214,180,54,225,73,239],[184,198,11,67,182,220,203,193,53,106,119,199,2,6,1,18,74,97,205,208,8,24,78,9,101,237,226,10,157,147,152,20,82,22,37,158,16,29,116,143,133,173,61,178,57,31,5,99,216,168,44,163,200,176,244,221,128,153,36,206,72,129,28,80,211,110,15,25,50,177,223,77,12,222,59,209,41,243,139],[215,93,136,229,245,69,218,247,213,46,105,115,60,55,230,169,186,98,149,114,183,107,84,56,234,113,141,130,112,181,162,187,174,76,134,26,194,210,92,144,23,88,202,248,212,85,127,188,103,227,75,95,125,66,151],[109,108,21,47,35,192,165,140,43,195,42,166,164,94,71,81,179,91,236,49,148,100,246,242,217,19,201,38,87,89,170,235,45,171,86,32,27,142,185,145,51,123,79,117,159,30,124,137,131,219,231,102,58,48,34,40,146,167,160]]"
17500.0,20260832,100125.52721777251,85584.33190912336,14541.195308649169,235,4,97.9743016983688,97.46376551266646,30.005272700000205,6,0,"[[139,61,133,173,7,207,238,33,121,14,90,63,83,122,17,196,204,156,64,240,104,62,189,150,96,249,233,84,107,183,114,149,98,186,169,230,55,60,115,105,46,213,247,218,69,245,229,136,93,120,224,65,175,4,135,161],[197,59,68,126,0,52,191,3,15,25,50,177,223,77,12,222,221,128,36,153,110,211,80,28,129,72,70,13,39,118,214,206,180,54,225,200,176,244,209,239],[47,35,21,108,236,49,148,100,71,81,166,42,94,164,89,170,87,38,201,92,144,23,242,246,88,217,19,210,194,26,134,76,174,187,162,112,130,181,141,113,234,56,85,188,127,212,248,202,103,227,75,95,125,66,109,151,215],[91,179,195,43,45,171,86,32,27,142,145,51,123,79,117,159,30,193,53,106,119,199,2,6,1,18,182,34,48,58,220,203,124,137,131,219,231,102,140,165,192,40,67,146,167,160,198,11,74,97,205,208,8,24,78,101,9,226,10,157,147,152,20,82,22,37,158,16,29,116,31,57,178,5,99,216,168,44,163,41,243,73]]"
17500.0,20260833,99994.768044719,90358.72405389493,9636.043990824102,241,4,98.84872084904428,98.20999086841788,30.005402399998275,7,6,"[[225,173,7,207,138,238,33,121,14,90,63,83,122,17,196,132,204,156,64,240,104,62,189,150,96,249,233,84,107,183,114,149,98,186,169,230,55,60,115,105,46,213,247,218,224,120,93,136,229,245,69,215],[184,198,160,67,182,18,1,6,2,208,205,97,74,11,101,9,78,24,8,157,10,226,237,31,57,178,5,41,209,244,176,200,54,180,214,118,39,13,70,72,129,28,80,206,211,110,153,36,128,221,222,12,77,223,177,50,25,15,3,191,52,0,65,175,4,126,68,59,197,135,161],[151,109,66,125,95,75,227,103,202,248,212,127,188,85,56,234,113,141,181,130,112,162,187,174,76,134,26,194,210,19,217,88,246,242,23,144,92,201,38,87,170,89,164,94,42,166,81,71,100,148,49,236,108,21,47,35,192,165,40,146,167],[91,179,195,43,235,45,171,86,32,27,142,185,145,51,123,79,117,159,30,124,137,131,219,231,102,140,34,48,58,220,203,193,53,106,119,199,20,82,22,152,37,158,16,147,29,116,143,61,163,44,168,216,99,243,73,139,239]]"
20000.0,20260831,99061.61165964731,90657.27922764616,8404.33243200116,244,4,99.19552404427664,98.71616017608082,30.176099000003887,7,3,"[[161,135,197,68,126,4,175,65,120,224,0,52,191,3,122,17,196,172,249,233,96,150,189,62,104,240,132,204,156,64,63,83,90,14,121,33,238,138,207,7,70,13,39,118,214,180,54,225,73,239],[184,198,11,67,182,220,203,193,53,106,119,199,2,6,1,18,74,97,205,208,8,24,78,9,101,237,226,10,157,147,152,20,82,22,37,158,16,29,116,143,133,173,61,178,57,31,5,99,216,168,44,163,200,176,244,221,128,153,36,206,72,129,28,80,211,110,15,25,50,177,223,77,12,222,59,209,41,243,139],[215,93,136,229,245,69,218,247,213,46,105,115,60,55,230,169,186,98,149,114,183,107,84,56,234,113,141,130,112,181,162,187,174,76,134,26,194,210,92,144,23,242,246,88,202,248,212,85,127,188,103,227,75,95,125,66,109,151],[108,21,47,35,192,165,140,43,195,42,166,164,94,71,81,179,91,236,49,148,100,217,19,201,38,87,89,170,235,45,171,86,32,27,142,185,145,51,123,79,117,159,30,241,124,137,131,219,231,102,58,48,34,40,146,167,160]]"
20000.0,20260832,100106.40156671064,93951.3637407772,6155.037825933458,246,4,99.5088220321863,98.95961770705549,30.00214219999907,7,6,"[[237,101,9,78,24,226,10,157,8,147,16,158,37,152,22,82,20,155,232,30,159,117,79,123,51,145,185,142,27,32,86,171,45,241,124,220,203,193,53,106,119,199,208,205,97,2,6,1,18,74,11,198,160,167,146,192,35,47],[109,66,49,148,246,242,23,144,92,194,134,76,174,187,162,181,112,130,141,113,234,56,84,107,183,114,149,98,186,169,230,55,60,115,105,46,213,227,75,95,247,69,245,229,136,120,175,4,126,68,197],[184,21,108,236,91,81,71,94,164,195,42,166,179,140,165,40,67,182,34,48,58,102,231,219,131,137,43,235,170,89,87,38,201,210,26,19,217,248,212,85,127,188,103,202,88,100,125,218,224,52,50,25,15,211,110,223,177,77,12,222,221,128,153,36,206,80,28,129,72,70,13,39,118,214,180,54,225,200,176,244,209,59,135,215,151],[239,139,73,243,41,163,44,168,216,99,5,178,57,31,29,116,143,61,133,173,7,207,138,238,33,121,14,90,83,63,64,156,204,132,240,104,62,189,150,96,233,249,172,196,17,122,3,191,0,65,93,161]]"
20000.0,20260833,100229.66233782974,91825.32990582858,8404.33243200116,244,4,99.19552404427664,98.71616017608082,30.09329260000959,7,7,"[[161,209,244,7,207,138,238,33,121,14,90,63,83,122,17,196,132,204,156,64,240,104,62,189,150,172,249,233,96,84,107,183,114,149,98,186,169,230,55,60,115,105,46,213,247,218,224,120,93,136,229,245,69],[184,198,160,67,182,18,74,1,6,2,97,205,208,11,101,9,78,24,8,157,10,226,237,31,57,178,5,41,176,200,225,54,180,214,118,39,13,70,72,129,28,80,206,211,110,153,36,128,221,222,12,77,223,177,50,25,15,3,191,52,0,65,175,4,126,68,59,197,135,215],[151,109,66,125,95,75,227,103,202,248,212,127,188,85,56,234,113,141,181,130,112,162,187,174,76,134,26,194,210,19,217,88,246,242,23,144,92,201,38,87,170,89,164,94,42,166,81,71,100,148,49,236,21,47,35,192,165,40,146,167],[108,91,179,195,43,235,45,171,86,32,27,142,185,145,51,123,79,117,159,30,241,124,137,131,219,231,102,140,34,48,58,220,203,193,53,106,119,199,147,152,20,82,22,37,158,16,29,116,143,133,173,61,163,44,168,216,99,243,73,139,239]]"
30000.0,20260831,103263.77787564792,90657.27922764616,12606.49864800174,244,4,99.19552404427664,98.71616017608082,30.011565600012545,7,3,"[[161,135,197,68,126,4,175,65,120,224,0,52,191,3,122,17,196,172,249,233,96,150,189,62,104,240,132,204,156,64,63,83,90,14,121,33,238,138,207,7,70,13,39,118,214,180,54,225,73,239],[184,198,11,67,182,220,203,193,53,106,119,199,2,6,1,18,74,97,205,208,8,24,78,9,101,237,226,10,157,147,152,20,82,22,37,158,16,29,116,143,133,173,61,178,57,31,5,99,216,168,44,163,200,176,244,221,128,153,36,206,72,129,28,80,211,110,15,25,50,177,223,77,12,222,59,209,41,243,139],[215,93,136,229,245,69,218,247,213,46,105,115,60,55,230,169,186,98,149,114,183,107,84,56,234,113,141,130,112,181,162,187,174,76,134,26,194,210,92,144,23,242,246,88,202,248,212,85,127,188,103,227,75,95,125,66,109,151],[108,21,47,35,192,165,140,43,195,42,166,164,94,71,81,179,91,236,49,148,100,217,19,201,38,87,89,170,235,45,171,86,32,27,142,185,145,51,123,79,117,159,30,241,124,137,131,219,231,102,58,48,34,40,146,167,160]]"
30000.0,20260832,103183.92047967738,93951.3637407772,9232.556738900188,246,4,99.5088220321863,98.95961770705549,30.004597599996487,7,6,"[[237,101,9,78,24,226,10,157,8,147,16,158,37,152,22,82,20,155,232,30,159,117,79,123,51,145,185,142,27,32,86,171,45,241,124,220,203,193,53,106,119,199,208,205,97,2,6,1,18,74,11,198,160,167,146,192,35,47],[109,66,49,148,246,242,23,144,92,194,134,76,174,187,162,181,112,130,141,113,234,56,84,107,183,114,149,98,186,169,230,55,60,115,105,46,213,227,75,95,247,69,245,229,136,120,175,4,126,68,197],[184,21,108,236,91,81,71,94,164,195,42,166,179,140,165,40,67,182,34,48,58,102,231,219,131,137,43,235,170,89,87,38,201,210,26,19,217,248,212,85,127,188,103,202,88,100,125,218,224,52,50,25,15,211,110,223,177,77,12,222,221,128,153,36,206,80,28,129,72,70,13,39,118,214,180,54,225,200,176,244,209,59,135,215,151],[239,139,73,243,41,163,44,168,216,99,5,178,57,31,29,116,143,61,133,173,7,207,138,238,33,121,14,90,83,63,64,156,204,132,240,104,62,189,150,96,233,249,172,196,17,122,3,191,0,65,93,161]]"
30000.0,20260833,103725.62178089569,97792.07909969897,5933.542681196741,248,4,99.7424130777886,99.56174043731994,30.00216050000745,8,7,"[[151,109,21,108,49,246,242,217,19,26,134,76,174,187,162,141,181,130,112,32,86,171,45,27,142,185,145,51,123,79,117,159,30,232,155,228,154,22,82,20,152,37,158,16,147,157,8,208,205,97,2,6,1,18,67,167,146,40,165,192,35,47],[184,101,9,78,24,226,237,10,29,116,143,31,57,178,61,133,173,207,138,238,7,70,13,39,118,214,180,54,225,163,44,168,216,5,99,41,243,139],[160,198,11,74,199,119,106,53,193,203,220,182,34,48,58,124,137,131,219,231,102,140,43,235,170,89,87,38,201,194,210,92,144,23,71,94,164,195,42,166,81,179,91,236,66,125,148,100,88,103,188,202,248,212,127,85,113,234,56,84,107,183,114,149,98,186,169,230,55,60,115,105,46,213,247,227,75,95,218,224,0,191,52,68,59,197,135,161],[239,73,209,176,200,244,206,80,28,129,72,33,190,121,14,90,83,63,204,156,64,240,104,62,132,189,150,96,233,249,172,196,17,122,3,211,110,15,25,50,177,223,153,36,128,221,222,12,77,126,4,175,65,120,93,136,229,245,69,215]]"
50000.0,20260831,103471.16781101964,103471.16781101964,0.0,250,4,100.0,100.0,31.18641120000393,8,5,"[[215,175,4,68,126,65,0,52,191,3,122,17,196,172,132,204,156,64,240,104,62,189,150,111,96,249,233,84,107,183,114,149,98,186,169,230,55,60,115,105,46,213,227,75,100,148,125,95,247,218,224,120,93,136,229,245,69,66,151],[109,21,108,236,49,71,81,91,179,166,42,195,164,94,23,144,92,19,217,242,246,88,103,202,248,212,127,188,85,56,234,113,141,130,112,181,162,187,174,76,134,26,194,210,201,38,87,89,170,235,171,86,32,27,142,45,43,131,219,231,102,140,165,192,35,47],[139,237,101,9,78,24,8,157,226,10,29,116,147,16,158,37,154,228,22,152,82,20,155,232,30,159,117,79,123,51,145,185,241,124,137,58,220,203,193,53,106,119,199,208,205,97,2,6,1,74,18,182,48,34,40,67,146,167,160,11,198,184],[239,73,243,41,163,44,168,216,99,5,178,57,31,143,61,133,173,7,207,138,238,33,190,121,14,90,63,83,129,72,70,13,39,118,28,80,206,214,180,54,225,200,176,244,209,221,128,36,153,211,110,15,25,50,177,223,77,12,222,59,197,135,161]]"
50000.0,20260832,107779.59598175489,100601.51156309832,7178.08441865657,249,4,99.80283543370528,99.58146546377522,30.000879600003827,7,6,"[[66,125,246,242,217,19,26,134,76,174,187,162,141,181,130,112,32,86,171,45,27,142,185,145,51,123,79,117,159,30,232,155,228,154,22,82,20,152,37,158,16,147,157,8,208,205,2,6,1,18,74,167,146,67,40,165,192,35,47,21,108],[184,101,78,24,9,226,237,10,29,116,143,31,57,178,61,133,173,207,138,238,7,70,13,39,118,214,180,54,225,163,44,168,216,5,99,41,243,139,161,215,151,109],[160,198,11,97,199,119,106,53,193,203,220,182,34,48,58,124,241,137,131,219,231,102,140,43,235,170,89,87,38,201,194,210,92,144,23,94,164,195,42,166,71,81,179,91,236,49,148,100,88,202,103,188,248,212,127,85,113,234,56,84,107,183,114,149,98,186,169,230,55,60,115,105,46,213,227,75,95,247,218,224,0,191,52,68,59,197,135],[239,73,209,176,200,244,206,80,28,129,72,33,190,121,14,90,83,63,204,156,64,240,104,62,132,189,150,96,233,249,172,196,17,122,3,211,110,15,25,50,177,223,153,36,128,221,222,12,77,126,4,175,65,120,93,136,229,245,69]]"
50000.0,20260833,108123.58928335075,98234.3514813562,9889.237801994568,248,4,99.7424130777886,99.56174043731994,30.06412199999613,7,7,"[[47,35,192,165,40,146,167,67,182,18,1,6,2,97,205,208,8,157,147,16,158,37,152,20,82,22,154,228,155,232,30,159,117,79,123,51,145,185,142,27,45,171,86,32,112,130,181,141,162,187,174,76,134,194,210,201,38,71,108,21,109,151],[184,101,9,78,24,226,237,10,29,116,143,31,57,178,61,133,173,207,138,238,7,70,13,39,118,214,180,54,225,163,44,168,216,5,99,41,243,139],[160,198,11,74,199,119,106,53,193,203,220,48,34,58,124,137,131,219,231,102,140,43,235,87,170,89,164,94,195,42,166,81,179,91,236,66,49,23,144,92,19,26,217,242,246,88,103,188,202,248,212,127,85,113,234,56,84,107,183,114,149,98,186,169,230,55,60,115,105,46,213,247,95,227,75,100,148,125,218,224,0,191,52,68,59,197,135,161],[239,73,209,176,200,244,206,80,28,129,72,33,190,121,14,90,83,63,204,156,64,240,104,62,132,189,150,96,233,249,172,196,17,122,3,211,110,15,25,50,177,223,153,36,128,221,222,12,77,126,4,175,65,120,93,136,229,245,69,215]]"
100000.0,20260831,103471.16781101964,103471.16781101964,0.0,250,4,100.0,100.0,31.650849800003925,8,5,"[[215,175,4,68,126,65,0,52,191,3,122,17,196,172,132,204,156,64,240,104,62,189,150,111,96,249,233,84,107,183,114,149,98,186,169,230,55,60,115,105,46,213,227,75,100,148,125,95,247,218,224,120,93,136,229,245,69,66,151],[109,21,108,236,49,71,81,91,179,166,42,195,164,94,23,144,92,19,217,242,246,88,103,202,248,212,127,188,85,56,234,113,141,130,112,181,162,187,174,76,134,26,194,210,201,38,87,89,170,235,171,86,32,27,142,45,43,131,219,231,102,140,165,192,35,47],[139,237,101,9,78,24,8,157,226,10,29,116,147,16,158,37,154,228,22,152,82,20,155,232,30,159,117,79,123,51,145,185,241,124,137,58,220,203,193,53,106,119,199,208,205,97,2,6,1,74,18,182,48,34,40,67,146,167,160,11,198,184],[239,73,243,41,163,44,168,216,99,5,178,57,31,143,61,133,173,7,207,138,238,33,190,121,14,90,63,83,129,72,70,13,39,118,28,80,206,214,180,54,225,200,176,244,209,221,128,36,153,211,110,15,25,50,177,223,77,12,222,59,197,135,161]]"
100000.0,20260832,100184.28792179846,100184.28792179846,0.0,250,4,100.0,100.0,32.01248570000462,7,5,"[[161,135,197,59,209,244,176,200,225,54,180,214,206,80,28,129,72,118,39,13,70,7,207,138,238,33,190,121,14,90,83,63,204,156,64,240,104,62,132,196,17,122,3,52,0,224,120,93,151],[215,175,65,4,126,68,77,12,222,221,128,36,153,211,110,223,177,25,15,50,191,105,115,60,55,230,169,186,98,149,114,183,107,233,249,172,189,150,111,96,84,56,234,113,85,188,127,212,248,202,88,103,75,227,213,46,247,95,125,218,136,229,245,69,66,109],[239,73,41,243,99,216,5,31,57,178,168,44,163,61,173,133,143,116,29,147,16,158,37,152,20,82,22,154,228,155,232,30,159,117,79,123,51,145,185,142,27,32,86,171,45,241,124,137,58,182,67,160],[139,237,101,9,78,24,226,10,157,8,208,205,97,74,18,1,6,2,199,119,106,53,193,203,220,48,34,140,102,231,219,131,43,195,42,166,94,164,23,144,92,210,194,201,38,87,89,170,235,112,130,181,141,162,187,174,76,134,26,19,217,242,246,100,148,49,71,81,179,91,236,108,21,47,35,192,165,40,146,167,11,198,184]]"
100000.0,20260833,110813.2799663461,110813.2799663461,0.0,250,4,100.0,100.0,30.125951499998337,7,7,"[[109,21,108,236,91,179,81,71,246,242,217,19,26,134,76,174,187,162,141,181,130,112,32,86,171,45,27,142,185,145,51,123,79,117,159,30,232,155,228,154,22,82,20,152,37,158,16,147,157,8,208,205,97,2,6,1,18,182,67,167,146,40,165,192,35,47],[139,243,41,99,5,216,168,44,163,225,54,180,214,118,39,13,70,7,238,138,207,173,133,61,178,57,31,143,116,29,10,237,226,24,78,9,101,198,160,66,95,227,186,98,183,84,111,96,115,191,0,224,120,151],[184,11,74,199,119,106,53,193,203,220,48,34,58,124,241,137,131,219,231,102,140,43,235,170,89,87,38,201,194,210,92,144,23,94,164,195,42,166,49,148,100,88,103,202,248,212,127,188,85,113,234,56,107,114,149,169,230,55,60,105,46,213,247,75,125,218,52,68,59,197,135,161],[239,73,209,176,200,244,206,80,28,129,72,33,190,121,14,90,83,63,204,156,64,240,104,62,132,189,150,249,233,172,196,17,122,3,211,110,15,25,50,177,223,153,36,128,221,222,12,77,126,4,65,175,93,136,229,245,69,215]]"
21000.0,20260831,99481.82828124739,90657.27922764617,8824.549053601218,244,4,99.19552404427664,98.71616017608082,30.037510599999223,7,3,"[[161,135,197,68,126,4,175,65,120,224,0,52,191,3,122,17,196,172,249,233,96,150,189,62,104,240,132,204,156,64,63,83,90,14,121,33,238,138,207,7,70,13,39,118,214,180,54,225,73,239],[184,198,11,67,182,220,203,193,53,106,119,199,2,6,1,18,74,97,205,208,8,24,78,9,101,237,226,10,157,147,152,20,82,22,37,158,16,29,116,143,133,173,61,178,57,31,5,99,216,168,44,163,200,176,244,221,128,153,36,206,72,129,28,80,211,110,15,25,50,177,223,77,12,222,59,209,41,243,139],[215,93,136,229,245,69,218,247,213,46,105,115,60,55,230,169,186,98,149,114,183,107,84,56,234,113,141,130,112,181,162,187,174,76,134,26,194,210,92,144,23,242,246,88,202,248,212,85,127,188,103,227,75,95,125,66,109,151],[108,21,47,35,192,165,140,43,195,42,166,164,94,71,81,179,91,236,49,148,100,217,19,201,38,87,89,170,235,45,171,86,32,27,142,185,145,51,123,79,117,159,30,241,124,137,131,219,231,102,58,48,34,40,146,167,160]]"
21000.0,20260832,100414.15345800732,93951.36374077719,6462.789717230131,246,4,99.5088220321863,98.95961770705547,30.00295290000213,7,6,"[[237,101,9,78,24,226,10,157,8,147,16,158,37,152,22,82,20,155,232,30,159,117,79,123,51,145,185,142,27,32,86,171,45,241,124,220,203,193,53,106,119,199,208,205,97,2,6,1,18,74,11,198,160,167,146,192,35,47],[109,66,49,148,246,242,23,144,92,194,134,76,174,187,162,181,112,130,141,113,234,56,84,107,183,114,149,98,186,169,230,55,60,115,105,46,213,227,75,95,247,69,245,229,136,120,175,4,126,68,197],[184,21,108,236,91,81,71,94,164,195,42,166,179,140,165,40,67,182,34,48,58,102,231,219,131,137,43,235,170,89,87,38,201,210,26,19,217,248,212,85,127,188,103,202,88,100,125,218,224,52,50,25,15,211,110,223,177,77,12,222,221,128,153,36,206,80,28,129,72,70,13,39,118,214,180,54,225,200,176,244,209,59,135,215,151],[239,139,73,243,41,163,44,168,216,99,5,178,57,31,29,116,143,61,133,173,7,207,138,238,33,121,14,90,83,63,64,156,204,132,240,104,62,189,150,96,233,249,172,196,17,122,3,191,0,65,93,161]]"
21000.0,20260833,100649.8789594298,91825.32990582858,8824.549053601218,244,4,99.19552404427664,98.71616017608082,30.07597919998807,7,7,"[[161,209,244,7,207,138,238,33,121,14,90,63,83,122,17,196,132,204,156,64,240,104,62,189,150,172,249,233,96,84,107,183,114,149,98,186,169,230,55,60,115,105,46,213,247,218,224,120,93,136,229,245,69],[184,198,160,67,182,18,74,1,6,2,97,205,208,11,101,9,78,24,8,157,10,226,237,31,57,178,5,41,176,200,225,54,180,214,118,39,13,70,72,129,28,80,206,211,110,153,36,128,221,222,12,77,223,177,50,25,15,3,191,52,0,65,175,4,126,68,59,197,135,215],[151,109,66,125,95,75,227,103,202,248,212,127,188,85,56,234,113,141,181,130,112,162,187,174,76,134,26,194,210,19,217,88,246,242,23,144,92,201,38,87,170,89,164,94,42,166,81,71,100,148,49,236,21,47,35,192,165,40,146,167],[108,91,179,195,43,235,45,171,86,32,27,142,185,145,51,123,79,117,159,30,241,124,137,131,219,231,102,140,34,48,58,220,203,193,53,106,119,199,147,152,20,82,22,37,158,16,29,116,143,133,173,61,163,44,168,216,99,243,73,139,239]]"
22000.0,20260831,99902.04490284744,90657.27922764617,9244.765675201277,244,4,99.19552404427664,98.71616017608082,30.174547900009202,7,3,"[[161,135,197,68,126,4,175,65,120,224,0,52,191,3,122,17,196,172,249,233,96,150,189,62,104,240,132,204,156,64,63,83,90,14,121,33,238,138,207,7,70,13,39,118,214,180,54,225,73,239],[184,198,11,67,182,220,203,193,53,106,119,199,2,6,1,18,74,97,205,208,8,24,78,9,101,237,226,10,157,147,152,20,82,22,37,158,16,29,116,143,133,173,61,178,57,31,5,99,216,168,44,163,200,176,244,221,128,153,36,206,72,129,28,80,211,110,15,25,50,177,223,77,12,222,59,209,41,243,139],[215,93,136,229,245,69,218,247,213,46,105,115,60,55,230,169,186,98,149,114,183,107,84,56,234,113,141,130,112,181,162,187,174,76,134,26,194,210,92,144,23,242,246,88,202,248,212,85,127,188,103,227,75,95,125,66,109,151],[108,21,47,35,192,165,140,43,195,42,166,164,94,71,81,179,91,236,49,148,100,217,19,201,38,87,89,170,235,45,171,86,32,27,142,185,145,51,123,79,117,159,30,241,124,137,131,219,231,102,58,48,34,40,146,167,160]]"
22000.0,20260832,100721.905349304,93951.36374077719,6770.541608526804,246,4,99.5088220321863,98.95961770705547,30.0479905000102,6,6,"[[237,101,9,78,24,226,10,157,8,147,16,158,37,152,22,82,20,155,232,30,159,117,79,123,51,145,185,142,27,32,86,171,45,241,124,220,203,193,53,106,119,199,208,205,97,2,6,1,18,74,11,198,160,167,146,192,35,47],[109,66,49,148,246,242,23,144,92,194,134,76,174,187,162,181,112,130,141,113,234,56,84,107,183,114,149,98,186,169,230,55,60,115,105,46,213,227,75,95,247,69,245,229,136,120,175,4,126,68,197],[184,21,108,236,91,81,71,94,164,195,42,166,179,140,165,40,67,182,34,48,58,102,231,219,131,137,43,235,170,89,87,38,201,210,26,19,217,248,212,85,127,188,103,202,88,100,125,218,224,52,50,25,15,211,110,223,177,77,12,222,221,128,153,36,206,80,28,129,72,70,13,39,118,214,180,54,225,200,176,244,209,59,135,215,151],[239,139,73,243,41,163,44,168,216,99,5,178,57,31,29,116,143,61,133,173,7,207,138,238,33,121,14,90,83,63,64,156,204,132,240,104,62,189,150,96,233,249,172,196,17,122,3,191,0,65,93,161]]"
22000.0,20260833,101070.09558102986,91825.32990582858,9244.765675201277,244,4,99.19552404427664,98.71616017608082,30.055394199996954,7,7,"[[161,209,244,7,207,138,238,33,121,14,90,63,83,122,17,196,132,204,156,64,240,104,62,189,150,172,249,233,96,84,107,183,114,149,98,186,169,230,55,60,115,105,46,213,247,218,224,120,93,136,229,245,69],[184,198,160,67,182,18,74,1,6,2,97,205,208,11,101,9,78,24,8,157,10,226,237,31,57,178,5,41,176,200,225,54,180,214,118,39,13,70,72,129,28,80,206,211,110,153,36,128,221,222,12,77,223,177,50,25,15,3,191,52,0,65,175,4,126,68,59,197,135,215],[151,109,66,125,95,75,227,103,202,248,212,127,188,85,56,234,113,141,181,130,112,162,187,174,76,134,26,194,210,19,217,88,246,242,23,144,92,201,38,87,170,89,164,94,42,166,81,71,100,148,49,236,21,47,35,192,165,40,146,167],[108,91,179,195,43,235,45,171,86,32,27,142,185,145,51,123,79,117,159,30,241,124,137,131,219,231,102,140,34,48,58,220,203,193,53,106,119,199,147,152,20,82,22,37,158,16,29,116,143,133,173,61,163,44,168,216,99,243,73,139,239]]"
22500.0,20260831,100112.15321364747,90657.27922764617,9454.873986001305,244,4,99.19552404427664,98.71616017608082,30.051244999995106,7,3,"[[161,135,197,68,126,4,175,65,120,224,0,52,191,3,122,17,196,172,249,233,96,150,189,62,104,240,132,204,156,64,63,83,90,14,121,33,238,138,207,7,70,13,39,118,214,180,54,225,73,239],[184,198,11,67,182,220,203,193,53,106,119,199,2,6,1,18,74,97,205,208,8,24,78,9,101,237,226,10,157,147,152,20,82,22,37,158,16,29,116,143,133,173,61,178,57,31,5,99,216,168,44,163,200,176,244,221,128,153,36,206,72,129,28,80,211,110,15,25,50,177,223,77,12,222,59,209,41,243,139],[215,93,136,229,245,69,218,247,213,46,105,115,60,55,230,169,186,98,149,114,183,107,84,56,234,113,141,130,112,181,162,187,174,76,134,26,194,210,92,144,23,242,246,88,202,248,212,85,127,188,103,227,75,95,125,66,109,151],[108,21,47,35,192,165,140,43,195,42,166,164,94,71,81,179,91,236,49,148,100,217,19,201,38,87,89,170,235,45,171,86,32,27,142,185,145,51,123,79,117,159,30,241,124,137,131,219,231,102,58,48,34,40,146,167,160]]"
22500.0,20260832,100875.78129495234,93951.36374077719,6924.41755417514,246,4,99.5088220321863,98.95961770705547,30.001561299999594,7,6,"[[237,101,9,78,24,226,10,157,8,147,16,158,37,152,22,82,20,155,232,30,159,117,79,123,51,145,185,142,27,32,86,171,45,241,124,220,203,193,53,106,119,199,208,205,97,2,6,1,18,74,11,198,160,167,146,192,35,47],[109,66,49,148,246,242,23,144,92,194,134,76,174,187,162,181,112,130,141,113,234,56,84,107,183,114,149,98,186,169,230,55,60,115,105,46,213,227,75,95,247,69,245,229,136,120,175,4,126,68,197],[184,21,108,236,91,81,71,94,164,195,42,166,179,140,165,40,67,182,34,48,58,102,231,219,131,137,43,235,170,89,87,38,201,210,26,19,217,248,212,85,127,188,103,202,88,100,125,218,224,52,50,25,15,211,110,223,177,77,12,222,221,128,153,36,206,80,28,129,72,70,13,39,118,214,180,54,225,200,176,244,209,59,135,215,151],[239,139,73,243,41,163,44,168,216,99,5,178,57,31,29,116,143,61,133,173,7,207,138,238,33,121,14,90,83,63,64,156,204,132,240,104,62,189,150,96,233,249,172,196,17,122,3,191,0,65,93,161]]"
22500.0,20260833,101280.20389182988,91825.32990582858,9454.873986001305,244,4,99.19552404427664,98.71616017608082,30.115268800000194,7,7,"[[161,209,244,7,207,138,238,33,121,14,90,63,83,122,17,196,132,204,156,64,240,104,62,189,150,172,249,233,96,84,107,183,114,149,98,186,169,230,55,60,115,105,46,213,247,218,224,120,93,136,229,245,69],[184,198,160,67,182,18,74,1,6,2,97,205,208,11,101,9,78,24,8,157,10,226,237,31,57,178,5,41,176,200,225,54,180,214,118,39,13,70,72,129,28,80,206,211,110,153,36,128,221,222,12,77,223,177,50,25,15,3,191,52,0,65,175,4,126,68,59,197,135,215],[151,109,66,125,95,75,227,103,202,248,212,127,188,85,56,234,113,141,181,130,112,162,187,174,76,134,26,194,210,19,217,88,246,242,23,144,92,201,38,87,170,89,164,94,42,166,81,71,100,148,49,236,21,47,35,192,165,40,146,167],[108,91,179,195,43,235,45,171,86,32,27,142,185,145,51,123,79,117,159,30,241,124,137,131,219,231,102,140,34,48,58,220,203,193,53,106,119,199,147,152,20,82,22,37,158,16,29,116,143,133,173,61,163,44,168,216,99,243,73,139,239]]"
23000.0,20260831,100322.2615244475,90657.27922764617,9664.982296801334,244,4,99.19552404427664,98.71616017608082,30.00806220000959,7,3,"[[161,135,197,68,126,4,175,65,120,224,0,52,191,3,122,17,196,172,249,233,96,150,189,62,104,240,132,204,156,64,63,83,90,14,121,33,238,138,207,7,70,13,39,118,214,180,54,225,73,239],[184,198,11,67,182,220,203,193,53,106,119,199,2,6,1,18,74,97,205,208,8,24,78,9,101,237,226,10,157,147,152,20,82,22,37,158,16,29,116,143,133,173,61,178,57,31,5,99,216,168,44,163,200,176,244,221,128,153,36,206,72,129,28,80,211,110,15,25,50,177,223,77,12,222,59,209,41,243,139],[215,93,136,229,245,69,218,247,213,46,105,115,60,55,230,169,186,98,149,114,183,107,84,56,234,113,141,130,112,181,162,187,174,76,134,26,194,210,92,144,23,242,246,88,202,248,212,85,127,188,103,227,75,95,125,66,109,151],[108,21,47,35,192,165,140,43,195,42,166,164,94,71,81,179,91,236,49,148,100,217,19,201,38,87,89,170,235,45,171,86,32,27,142,185,145,51,123,79,117,159,30,241,124,137,131,219,231,102,58,48,34,40,146,167,160]]"
23000.0,20260832,101029.65724060066,93951.36374077719,7078.293499823477,246,4,99.5088220321863,98.95961770705547,30.003978599997936,7,6,"[[237,101,9,78,24,226,10,157,8,147,16,158,37,152,22,82,20,155,232,30,159,117,79,123,51,145,185,142,27,32,86,171,45,241,124,220,203,193,53,106,119,199,208,205,97,2,6,1,18,74,11,198,160,167,146,192,35,47],[109,66,49,148,246,242,23,144,92,194,134,76,174,187,162,181,112,130,141,113,234,56,84,107,183,114,149,98,186,169,230,55,60,115,105,46,213,227,75,95,247,69,245,229,136,120,175,4,126,68,197],[184,21,108,236,91,81,71,94,164,195,42,166,179,140,165,40,67,182,34,48,58,102,231,219,131,137,43,235,170,89,87,38,201,210,26,19,217,248,212,85,127,188,103,202,88,100,125,218,224,52,50,25,15,211,110,223,177,77,12,222,221,128,153,36,206,80,28,129,72,70,13,39,118,214,180,54,225,200,176,244,209,59,135,215,151],[239,139,73,243,41,163,44,168,216,99,5,178,57,31,29,116,143,61,133,173,7,207,138,238,33,121,14,90,83,63,64,156,204,132,240,104,62,189,150,96,233,249,172,196,17,122,3,191,0,65,93,161]]"
23000.0,20260833,102271.16047068598,94064.79758559972,8206.362885086259,245,4,99.38811143256065,98.95961770705547,30.019552199999453,7,7,"[[161,59,209,244,7,207,138,238,33,121,14,90,63,83,122,17,196,132,204,156,64,240,104,62,189,150,172,249,233,96,84,107,183,114,149,98,186,169,230,55,60,115,105,46,213,247,218,224,120,93,136,229,245,69],[184,198,160,67,182,18,1,6,2,199,208,205,97,74,11,101,9,78,24,8,157,10,226,237,31,57,178,5,41,176,200,225,54,180,214,118,39,13,70,72,129,28,80,206,211,110,153,36,128,221,222,12,77,223,177,50,25,15,3,191,52,0,65,175,4,126,68,197,135,215],[151,109,66,125,95,75,227,103,202,248,212,127,188,85,56,234,113,141,181,130,112,162,187,174,76,134,26,194,210,19,217,88,246,242,23,144,92,201,38,87,170,89,164,94,42,166,81,71,100,148,49,236,21,47,35,192,165,40,146,167],[108,91,179,195,43,235,45,171,86,32,27,142,185,145,51,123,79,117,159,30,241,124,137,131,219,231,102,140,34,48,58,220,203,193,53,106,119,155,20,82,22,152,37,158,16,147,29,116,143,133,173,61,163,44,168,216,99,243,73,139,239]]"
24000.0,20260831,100742.47814604756,90657.27922764617,10085.198918401393,244,4,99.19552404427664,98.71616017608082,30.110912400006782,7,3,"[[161,135,197,68,126,4,175,65,120,224,0,52,191,3,122,17,196,172,249,233,96,150,189,62,104,240,132,204,156,64,63,83,90,14,121,33,238,138,207,7,70,13,39,118,214,180,54,225,73,239],[184,198,11,67,182,220,203,193,53,106,119,199,2,6,1,18,74,97,205,208,8,24,78,9,101,237,226,10,157,147,152,20,82,22,37,158,16,29,116,143,133,173,61,178,57,31,5,99,216,168,44,163,200,176,244,221,128,153,36,206,72,129,28,80,211,110,15,25,50,177,223,77,12,222,59,209,41,243,139],[215,93,136,229,245,69,218,247,213,46,105,115,60,55,230,169,186,98,149,114,183,107,84,56,234,113,141,130,112,181,162,187,174,76,134,26,194,210,92,144,23,242,246,88,202,248,212,85,127,188,103,227,75,95,125,66,109,151],[108,21,47,35,192,165,140,43,195,42,166,164,94,71,81,179,91,236,49,148,100,217,19,201,38,87,89,170,235,45,171,86,32,27,142,185,145,51,123,79,117,159,30,241,124,137,131,219,231,102,58,48,34,40,146,167,160]]"
24000.0,20260832,101337.40913189734,93951.36374077719,7386.045391120149,246,4,99.5088220321863,98.95961770705547,30.003287800005637,7,6,"[[237,101,9,78,24,226,10,157,8,147,16,158,37,152,22,82,20,155,232,30,159,117,79,123,51,145,185,142,27,32,86,171,45,241,124,220,203,193,53,106,119,199,208,205,97,2,6,1,18,74,11,198,160,167,146,192,35,47],[109,66,49,148,246,242,23,144,92,194,134,76,174,187,162,181,112,130,141,113,234,56,84,107,183,114,149,98,186,169,230,55,60,115,105,46,213,227,75,95,247,69,245,229,136,120,175,4,126,68,197],[184,21,108,236,91,81,71,94,164,195,42,166,179,140,165,40,67,182,34,48,58,102,231,219,131,137,43,235,170,89,87,38,201,210,26,19,217,248,212,85,127,188,103,202,88,100,125,218,224,52,50,25,15,211,110,223,177,77,12,222,221,128,153,36,206,80,28,129,72,70,13,39,118,214,180,54,225,200,176,244,209,59,135,215,151],[239,139,73,243,41,163,44,168,216,99,5,178,57,31,29,116,143,61,133,173,7,207,138,238,33,121,14,90,83,63,64,156,204,132,240,104,62,189,150,96,233,249,172,196,17,122,3,191,0,65,93,161]]"
24000.0,20260833,102807.66136991182,96822.35478783849,5985.306582073327,247,4,99.6499114543733,99.45482500822897,30.753933800006052,7,6,"[[109,21,108,49,246,242,217,19,26,134,76,174,187,162,141,181,130,112,32,86,171,45,27,142,185,145,51,123,79,117,159,30,232,155,228,154,22,82,20,152,37,158,16,147,157,8,208,205,2,6,1,18,67,167,146,40,165,192,35,47],[184,101,9,78,24,226,237,10,29,116,143,31,57,178,61,133,173,207,138,238,7,70,13,39,118,214,180,54,225,163,44,168,216,5,99,41,243,139,239],[160,198,11,74,97,199,119,106,53,193,203,220,182,34,48,58,124,137,131,219,231,102,140,43,235,170,89,87,38,201,194,210,92,144,23,94,164,195,42,166,71,81,179,91,236,66,148,100,88,103,188,202,248,212,127,85,113,234,56,84,107,183,114,149,98,186,169,230,55,60,115,105,46,213,247,227,75,95,125,218,224,0,191,52,68,59,197,135,161,215],[73,209,176,200,244,206,80,28,129,72,33,121,14,90,83,63,204,156,64,240,104,62,132,189,150,96,233,249,172,196,17,122,3,211,110,15,25,50,177,223,153,36,128,221,222,12,77,126,4,175,65,120,93,136,229,245,69,151]]"
25000.0,20260831,101162.69476764763,90657.27922764617,10505.41554000145,244,4,99.19552404427664,98.71616017608082,30.175345900002867,7,3,"[[161,135,197,68,126,4,175,65,120,224,0,52,191,3,122,17,196,172,249,233,96,150,189,62,104,240,132,204,156,64,63,83,90,14,121,33,238,138,207,7,70,13,39,118,214,180,54,225,73,239],[184,198,11,67,182,220,203,193,53,106,119,199,2,6,1,18,74,97,205,208,8,24,78,9,101,237,226,10,157,147,152,20,82,22,37,158,16,29,116,143,133,173,61,178,57,31,5,99,216,168,44,163,200,176,244,221,128,153,36,206,72,129,28,80,211,110,15,25,50,177,223,77,12,222,59,209,41,243,139],[215,93,136,229,245,69,218,247,213,46,105,115,60,55,230,169,186,98,149,114,183,107,84,56,234,113,141,130,112,181,162,187,174,76,134,26,194,210,92,144,23,242,246,88,202,248,212,85,127,188,103,227,75,95,125,66,109,151],[108,21,47,35,192,165,140,43,195,42,166,164,94,71,81,179,91,236,49,148,100,217,19,201,38,87,89,170,235,45,171,86,32,27,142,185,145,51,123,79,117,159,30,241,124,137,131,219,231,102,58,48,34,40,146,167,160]]"
25000.0,20260832,101645.16102319401,93951.36374077719,7693.797282416823,246,4,99.5088220321863,98.95961770705547,30.05836460000137,6,6,"[[237,101,9,78,24,226,10,157,8,147,16,158,37,152,22,82,20,155,232,30,159,117,79,123,51,145,185,142,27,32,86,171,45,241,124,220,203,193,53,106,119,199,208,205,97,2,6,1,18,74,11,198,160,167,146,192,35,47],[109,66,49,148,246,242,23,144,92,194,134,76,174,187,162,181,112,130,141,113,234,56,84,107,183,114,149,98,186,169,230,55,60,115,105,46,213,227,75,95,247,69,245,229,136,120,175,4,126,68,197],[184,21,108,236,91,81,71,94,164,195,42,166,179,140,165,40,67,182,34,48,58,102,231,219,131,137,43,235,170,89,87,38,201,210,26,19,217,248,212,85,127,188,103,202,88,100,125,218,224,52,50,25,15,211,110,223,177,77,12,222,221,128,153,36,206,80,28,129,72,70,13,39,118,214,180,54,225,200,176,244,209,59,135,215,151],[239,139,73,243,41,163,44,168,216,99,5,178,57,31,29,116,143,61,133,173,7,207,138,238,33,121,14,90,83,63,64,156,204,132,240,104,62,189,150,96,233,249,172,196,17,122,3,191,0,65,93,161]]"
25000.0,20260833,103057.04914416486,96822.35478783849,6234.694356326383,247,4,99.6499114543733,99.45482500822897,30.436051099997712,7,6,"[[109,21,108,49,246,242,217,19,26,134,76,174,187,162,141,181,130,112,32,86,171,45,27,142,185,145,51,123,79,117,159,30,232,155,228,154,22,82,20,152,37,158,16,147,157,8,208,205,2,6,1,18,67,167,146,40,165,192,35,47],[184,101,9,78,24,226,237,10,29,116,143,31,57,178,61,133,173,207,138,238,7,70,13,39,118,214,180,54,225,163,44,168,216,5,99,41,243,139,239],[160,198,11,74,97,199,119,106,53,193,203,220,182,34,48,58,124,137,131,219,231,102,140,43,235,170,89,87,38,201,194,210,92,144,23,94,164,195,42,166,71,81,179,91,236,66,148,100,88,103,188,202,248,212,127,85,113,234,56,84,107,183,114,149,98,186,169,230,55,60,115,105,46,213,247,227,75,95,125,218,224,0,191,52,68,59,197,135,161,215],[73,209,176,200,244,206,80,28,129,72,33,121,14,90,83,63,204,156,64,240,104,62,132,189,150,96,233,249,172,196,17,122,3,211,110,15,25,50,177,223,153,36,128,221,222,12,77,126,4,175,65,120,93,136,229,245,69,151]]"
