M,objective,route_cost,weighted_penalty,unit_robust_penalty,visited_nodes,used_vehicles,training_prize_coverage_pct,holdout_prize_coverage_pct,routes
0.0,0.0,0.0,0.0,23.361124038145935,0,0,0.0,0.0,"[[],[],[],[]]"
1000.0,23361.124038145936,0.0,23361.124038145936,23.361124038145935,0,0,0.0,0.0,"[[],[],[],[]]"
2000.0,46722.24807629187,0.0,46722.24807629187,23.361124038145935,0,0,0.0,0.0,"[[],[],[],[]]"
2500.0,58014.58298832184,2734.56330710538,55280.01968121646,22.112007872486583,2,1,5.808660466839758,5.5353427395638,"[[4,0],[],[],[]]"
3000.0,69070.58692456513,2734.56330710538,66336.02361745975,22.112007872486583,2,1,5.808660466839758,5.5353427395638,"[[4,0],[],[],[]]"
3500.0,80126.59086080841,2734.56330710538,77392.02755370304,22.112007872486583,2,1,5.808660466839758,5.5353427395638,"[[4,0],[],[],[]]"
4000.0,86570.4377683539,82367.92394955824,4202.513818795656,1.0506284546989142,232,4,97.13672742600691,97.01004524089979,"[[139,61,133,173,7,207,238,33,121,14,90,83,122,17,196,132,204,156,64,240,104,62,189,150,96,249,233,84,107,183,114,149,98,186,169,230,55,60,115,105,46,213,247,218,69,245,229,136,93,120,224,65,175,135,161],[197,59,68,4,126,0,52,3,15,25,50,177,223,77,12,222,221,128,153,36,206,80,28,129,72,70,13,39,118,214,180,54,225,200,176,244,209,239],[47,35,21,236,49,148,100,71,81,166,42,94,164,89,170,87,38,201,92,144,23,242,246,88,217,19,210,194,26,134,76,174,187,162,181,130,141,113,234,56,85,188,127,212,248,202,103,227,75,95,125,66,109,151,215],[108,91,179,195,43,45,171,86,32,27,142,145,51,123,79,117,159,30,193,53,106,119,199,2,6,1,18,182,34,48,58,220,203,124,137,131,219,231,102,140,165,192,40,67,146,167,160,198,11,74,97,205,208,8,24,78,101,9,226,10,157,147,152,20,82,22,37,158,16,29,116,143,31,57,178,5,99,216,168,44,163,41,243,73]]"
5000.0,87621.06622305281,82367.92394955824,5253.142273494571,1.0506284546989142,232,4,97.13672742600691,97.01004524089979,"[[139,61,133,173,7,207,238,33,121,14,90,83,122,17,196,132,204,156,64,240,104,62,189,150,96,249,233,84,107,183,114,149,98,186,169,230,55,60,115,105,46,213,247,218,69,245,229,136,93,120,224,65,175,135,161],[197,59,68,4,126,0,52,3,15,25,50,177,223,77,12,222,221,128,153,36,206,80,28,129,72,70,13,39,118,214,180,54,225,200,176,244,209,239],[47,35,21,236,49,148,100,71,81,166,42,94,164,89,170,87,38,201,92,144,23,242,246,88,217,19,210,194,26,134,76,174,187,162,181,130,141,113,234,56,85,188,127,212,248,202,103,227,75,95,125,66,109,151,215],[108,91,179,195,43,45,171,86,32,27,142,145,51,123,79,117,159,30,193,53,106,119,199,2,6,1,18,182,34,48,58,220,203,124,137,131,219,231,102,140,165,192,40,67,146,167,160,198,11,74,97,205,208,8,24,78,101,9,226,10,157,147,152,20,82,22,37,158,16,29,116,143,31,57,178,5,99,216,168,44,163,41,243,73]]"
6000.0,88671.69467775173,82367.92394955824,6303.770728193485,1.0506284546989142,232,4,97.13672742600691,97.01004524089979,"[[139,61,133,173,7,207,238,33,121,14,90,83,122,17,196,132,204,156,64,240,104,62,189,150,96,249,233,84,107,183,114,149,98,186,169,230,55,60,115,105,46,213,247,218,69,245,229,136,93,120,224,65,175,135,161],[197,59,68,4,126,0,52,3,15,25,50,177,223,77,12,222,221,128,153,36,206,80,28,129,72,70,13,39,118,214,180,54,225,200,176,244,209,239],[47,35,21,236,49,148,100,71,81,166,42,94,164,89,170,87,38,201,92,144,23,242,246,88,217,19,210,194,26,134,76,174,187,162,181,130,141,113,234,56,85,188,127,212,248,202,103,227,75,95,125,66,109,151,215],[108,91,179,195,43,45,171,86,32,27,142,145,51,123,79,117,159,30,193,53,106,119,199,2,6,1,18,182,34,48,58,220,203,124,137,131,219,231,102,140,165,192,40,67,146,167,160,198,11,74,97,205,208,8,24,78,101,9,226,10,157,147,152,20,82,22,37,158,16,29,116,143,31,57,178,5,99,216,168,44,163,41,243,73]]"
7000.0,89722.32313245065,82367.92394955824,7354.399182892399,1.0506284546989142,232,4,97.13672742600691,97.01004524089979,"[[139,61,133,173,7,207,238,33,121,14,90,83,122,17,196,132,204,156,64,240,104,62,189,150,96,249,233,84,107,183,114,149,98,186,169,230,55,60,115,105,46,213,247,218,69,245,229,136,93,120,224,65,175,135,161],[197,59,68,4,126,0,52,3,15,25,50,177,223,77,12,222,221,128,153,36,206,80,28,129,72,70,13,39,118,214,180,54,225,200,176,244,209,239],[47,35,21,236,49,148,100,71,81,166,42,94,164,89,170,87,38,201,92,144,23,242,246,88,217,19,210,194,26,134,76,174,187,162,181,130,141,113,234,56,85,188,127,212,248,202,103,227,75,95,125,66,109,151,215],[108,91,179,195,43,45,171,86,32,27,142,145,51,123,79,117,159,30,193,53,106,119,199,2,6,1,18,182,34,48,58,220,203,124,137,131,219,231,102,140,165,192,40,67,146,167,160,198,11,74,97,205,208,8,24,78,101,9,226,10,157,147,152,20,82,22,37,158,16,29,116,143,31,57,178,5,99,216,168,44,163,41,243,73]]"
8000.0,90772.95158714955,82367.92394955824,8405.027637591313,1.0506284546989142,232,4,97.13672742600691,97.01004524089979,"[[139,61,133,173,7,207,238,33,121,14,90,83,122,17,196,132,204,156,64,240,104,62,189,150,96,249,233,84,107,183,114,149,98,186,169,230,55,60,115,105,46,213,247,218,69,245,229,136,93,120,224,65,175,135,161],[197,59,68,4,126,0,52,3,15,25,50,177,223,77,12,222,221,128,153,36,206,80,28,129,72,70,13,39,118,214,180,54,225,200,176,244,209,239],[47,35,21,236,49,148,100,71,81,166,42,94,164,89,170,87,38,201,92,144,23,242,246,88,217,19,210,194,26,134,76,174,187,162,181,130,141,113,234,56,85,188,127,212,248,202,103,227,75,95,125,66,109,151,215],[108,91,179,195,43,45,171,86,32,27,142,145,51,123,79,117,159,30,193,53,106,119,199,2,6,1,18,182,34,48,58,220,203,124,137,131,219,231,102,140,165,192,40,67,146,167,160,198,11,74,97,205,208,8,24,78,101,9,226,10,157,147,152,20,82,22,37,158,16,29,116,143,31,57,178,5,99,216,168,44,163,41,243,73]]"
9000.0,91823.58004184847,82367.92394955824,9455.656092290228,1.0506284546989142,232,4,97.13672742600691,97.01004524089979,"[[139,61,133,173,7,207,238,33,121,14,90,83,122,17,196,132,204,156,64,240,104,62,189,150,96,249,233,84,107,183,114,149,98,186,169,230,55,60,115,105,46,213,247,218,69,245,229,136,93,120,224,65,175,135,161],[197,59,68,4,126,0,52,3,15,25,50,177,223,77,12,222,221,128,153,36,206,80,28,129,72,70,13,39,118,214,180,54,225,200,176,244,209,239],[47,35,21,236,49,148,100,71,81,166,42,94,164,89,170,87,38,201,92,144,23,242,246,88,217,19,210,194,26,134,76,174,187,162,181,130,141,113,234,56,85,188,127,212,248,202,103,227,75,95,125,66,109,151,215],[108,91,179,195,43,45,171,86,32,27,142,145,51,123,79,117,159,30,193,53,106,119,199,2,6,1,18,182,34,48,58,220,203,124,137,131,219,231,102,140,165,192,40,67,146,167,160,198,11,74,97,205,208,8,24,78,101,9,226,10,157,147,152,20,82,22,37,158,16,29,116,143,31,57,178,5,99,216,168,44,163,41,243,73]]"
10000.0,92874.20849654739,82367.92394955824,10506.284546989142,1.0506284546989142,232,4,97.13672742600691,97.01004524089979,"[[139,61,133,173,7,207,238,33,121,14,90,83,122,17,196,132,204,156,64,240,104,62,189,150,96,249,233,84,107,183,114,149,98,186,169,230,55,60,115,105,46,213,247,218,69,245,229,136,93,120,224,65,175,135,161],[197,59,68,4,126,0,52,3,15,25,50,177,223,77,12,222,221,128,153,36,206,80,28,129,72,70,13,39,118,214,180,54,225,200,176,244,209,239],[47,35,21,236,49,148,100,71,81,166,42,94,164,89,170,87,38,201,92,144,23,242,246,88,217,19,210,194,26,134,76,174,187,162,181,130,141,113,234,56,85,188,127,212,248,202,103,227,75,95,125,66,109,151,215],[108,91,179,195,43,45,171,86,32,27,142,145,51,123,79,117,159,30,193,53,106,119,199,2,6,1,18,182,34,48,58,220,203,124,137,131,219,231,102,140,165,192,40,67,146,167,160,198,11,74,97,205,208,8,24,78,101,9,226,10,157,147,152,20,82,22,37,158,16,29,116,143,31,57,178,5,99,216,168,44,163,41,243,73]]"
10500.0,93399.52272389684,82367.92394955824,11031.5987743386,1.0506284546989142,232,4,97.13672742600691,97.01004524089979,"[[139,61,133,173,7,207,238,33,121,14,90,83,122,17,196,132,204,156,64,240,104,62,189,150,96,249,233,84,107,183,114,149,98,186,169,230,55,60,115,105,46,213,247,218,69,245,229,136,93,120,224,65,175,135,161],[197,59,68,4,126,0,52,3,15,25,50,177,223,77,12,222,221,128,153,36,206,80,28,129,72,70,13,39,118,214,180,54,225,200,176,244,209,239],[47,35,21,236,49,148,100,71,81,166,42,94,164,89,170,87,38,201,92,144,23,242,246,88,217,19,210,194,26,134,76,174,187,162,181,130,141,113,234,56,85,188,127,212,248,202,103,227,75,95,125,66,109,151,215],[108,91,179,195,43,45,171,86,32,27,142,145,51,123,79,117,159,30,193,53,106,119,199,2,6,1,18,182,34,48,58,220,203,124,137,131,219,231,102,140,165,192,40,67,146,167,160,198,11,74,97,205,208,8,24,78,101,9,226,10,157,147,152,20,82,22,37,158,16,29,116,143,31,57,178,5,99,216,168,44,163,41,243,73]]"
11000.0,93924.8369512463,82367.92394955824,11556.913001688055,1.0506284546989142,232,4,97.13672742600691,97.01004524089979,"[[139,61,133,173,7,207,238,33,121,14,90,83,122,17,196,132,204,156,64,240,104,62,189,150,96,249,233,84,107,183,114,149,98,186,169,230,55,60,115,105,46,213,247,218,69,245,229,136,93,120,224,65,175,135,161],[197,59,68,4,126,0,52,3,15,25,50,177,223,77,12,222,221,128,153,36,206,80,28,129,72,70,13,39,118,214,180,54,225,200,176,244,209,239],[47,35,21,236,49,148,100,71,81,166,42,94,164,89,170,87,38,201,92,144,23,242,246,88,217,19,210,194,26,134,76,174,187,162,181,130,141,113,234,56,85,188,127,212,248,202,103,227,75,95,125,66,109,151,215],[108,91,179,195,43,45,171,86,32,27,142,145,51,123,79,117,159,30,193,53,106,119,199,2,6,1,18,182,34,48,58,220,203,124,137,131,219,231,102,140,165,192,40,67,146,167,160,198,11,74,97,205,208,8,24,78,101,9,226,10,157,147,152,20,82,22,37,158,16,29,116,143,31,57,178,5,99,216,168,44,163,41,243,73]]"
11500.0,94450.15117859576,82367.92394955824,12082.227229037513,1.0506284546989142,232,4,97.13672742600691,97.01004524089979,"[[139,61,133,173,7,207,238,33,121,14,90,83,122,17,196,132,204,156,64,240,104,62,189,150,96,249,233,84,107,183,114,149,98,186,169,230,55,60,115,105,46,213,247,218,69,245,229,136,93,120,224,65,175,135,161],[197,59,68,4,126,0,52,3,15,25,50,177,223,77,12,222,221,128,153,36,206,80,28,129,72,70,13,39,118,214,180,54,225,200,176,244,209,239],[47,35,21,236,49,148,100,71,81,166,42,94,164,89,170,87,38,201,92,144,23,242,246,88,217,19,210,194,26,134,76,174,187,162,181,130,141,113,234,56,85,188,127,212,248,202,103,227,75,95,125,66,109,151,215],[108,91,179,195,43,45,171,86,32,27,142,145,51,123,79,117,159,30,193,53,106,119,199,2,6,1,18,182,34,48,58,220,203,124,137,131,219,231,102,140,165,192,40,67,146,167,160,198,11,74,97,205,208,8,24,78,101,9,226,10,157,147,152,20,82,22,37,158,16,29,116,143,31,57,178,5,99,216,168,44,163,41,243,73]]"
12000.0,94892.65044174,88846.5568688858,6046.093572854202,0.5038411310711834,242,4,98.98600521183441,98.33411955236727,"[[161,135,197,68,126,4,175,65,120,224,0,52,191,3,122,17,196,172,249,233,96,150,189,62,104,240,64,156,204,63,83,90,14,121,33,238,138,207,7,70,13,39,118,214,180,54,225,73,239],[184,198,11,67,182,220,203,193,53,106,119,199,2,6,1,18,74,97,205,208,8,24,78,9,101,237,226,10,157,147,152,20,82,22,37,158,16,29,116,143,133,173,61,178,57,31,5,99,216,168,44,163,200,176,244,221,128,153,36,206,72,129,28,80,211,110,15,25,50,177,223,77,12,222,59,209,41,243,139],[215,93,136,229,245,69,218,247,213,46,105,115,60,55,230,169,186,98,149,114,183,107,84,56,234,113,141,130,112,181,162,187,174,76,134,26,194,210,92,144,23,88,202,248,212,85,127,188,103,227,75,95,125,66,151],[109,108,21,47,35,192,165,140,43,195,164,94,42,166,71,81,179,91,236,49,148,100,246,242,217,19,201,38,87,89,170,235,45,171,86,32,27,142,185,145,51,123,79,117,159,30,124,137,131,219,231,102,58,48,34,40,146,167,160]]"
12500.0,95144.5710072756,88846.5568688858,6298.0141383897935,0.5038411310711834,242,4,98.98600521183441,98.33411955236727,"[[161,135,197,68,126,4,175,65,120,224,0,52,191,3,122,17,196,172,249,233,96,150,189,62,104,240,64,156,204,63,83,90,14,121,33,238,138,207,7,70,13,39,118,214,180,54,225,73,239],[184,198,11,67,182,220,203,193,53,106,119,199,2,6,1,18,74,97,205,208,8,24,78,9,101,237,226,10,157,147,152,20,82,22,37,158,16,29,116,143,133,173,61,178,57,31,5,99,216,168,44,163,200,176,244,221,128,153,36,206,72,129,28,80,211,110,15,25,50,177,223,77,12,222,59,209,41,243,139],[215,93,136,229,245,69,218,247,213,46,105,115,60,55,230,169,186,98,149,114,183,107,84,56,234,113,141,130,112,181,162,187,174,76,134,26,194,210,92,144,23,88,202,248,212,85,127,188,103,227,75,95,125,66,151],[109,108,21,47,35,192,165,140,43,195,164,94,42,166,71,81,179,91,236,49,148,100,246,242,217,19,201,38,87,89,170,235,45,171,86,32,27,142,185,145,51,123,79,117,159,30,124,137,131,219,231,102,58,48,34,40,146,167,160]]"
13000.0,95396.49157281118,88846.5568688858,6549.934703925384,0.5038411310711834,242,4,98.98600521183441,98.33411955236727,"[[161,135,197,68,126,4,175,65,120,224,0,52,191,3,122,17,196,172,249,233,96,150,189,62,104,240,64,156,204,63,83,90,14,121,33,238,138,207,7,70,13,39,118,214,180,54,225,73,239],[184,198,11,67,182,220,203,193,53,106,119,199,2,6,1,18,74,97,205,208,8,24,78,9,101,237,226,10,157,147,152,20,82,22,37,158,16,29,116,143,133,173,61,178,57,31,5,99,216,168,44,163,200,176,244,221,128,153,36,206,72,129,28,80,211,110,15,25,50,177,223,77,12,222,59,209,41,243,139],[215,93,136,229,245,69,218,247,213,46,105,115,60,55,230,169,186,98,149,114,183,107,84,56,234,113,141,130,112,181,162,187,174,76,134,26,194,210,92,144,23,88,202,248,212,85,127,188,103,227,75,95,125,66,151],[109,108,21,47,35,192,165,140,43,195,164,94,42,166,71,81,179,91,236,49,148,100,246,242,217,19,201,38,87,89,170,235,45,171,86,32,27,142,185,145,51,123,79,117,159,30,124,137,131,219,231,102,58,48,34,40,146,167,160]]"
13500.0,95648.41213834679,88846.5568688858,6801.855269460976,0.5038411310711834,242,4,98.98600521183441,98.33411955236727,"[[161,135,197,68,126,4,175,65,120,224,0,52,191,3,122,17,196,172,249,233,96,150,189,62,104,240,64,156,204,63,83,90,14,121,33,238,138,207,7,70,13,39,118,214,180,54,225,73,239],[184,198,11,67,182,220,203,193,53,106,119,199,2,6,1,18,74,97,205,208,8,24,78,9,101,237,226,10,157,147,152,20,82,22,37,158,16,29,116,143,133,173,61,178,57,31,5,99,216,168,44,163,200,176,244,221,128,153,36,206,72,129,28,80,211,110,15,25,50,177,223,77,12,222,59,209,41,243,139],[215,93,136,229,245,69,218,247,213,46,105,115,60,55,230,169,186,98,149,114,183,107,84,56,234,113,141,130,112,181,162,187,174,76,134,26,194,210,92,144,23,88,202,248,212,85,127,188,103,227,75,95,125,66,151],[109,108,21,47,35,192,165,140,43,195,164,94,42,166,71,81,179,91,236,49,148,100,246,242,217,19,201,38,87,89,170,235,45,171,86,32,27,142,185,145,51,123,79,117,159,30,124,137,131,219,231,102,58,48,34,40,146,167,160]]"
14000.0,95900.33270388238,88846.5568688858,7053.775834996568,0.5038411310711834,242,4,98.98600521183441,98.33411955236727,"[[161,135,197,68,126,4,175,65,120,224,0,52,191,3,122,17,196,172,249,233,96,150,189,62,104,240,64,156,204,63,83,90,14,121,33,238,138,207,7,70,13,39,118,214,180,54,225,73,239],[184,198,11,67,182,220,203,193,53,106,119,199,2,6,1,18,74,97,205,208,8,24,78,9,101,237,226,10,157,147,152,20,82,22,37,158,16,29,116,143,133,173,61,178,57,31,5,99,216,168,44,163,200,176,244,221,128,153,36,206,72,129,28,80,211,110,15,25,50,177,223,77,12,222,59,209,41,243,139],[215,93,136,229,245,69,218,247,213,46,105,115,60,55,230,169,186,98,149,114,183,107,84,56,234,113,141,130,112,181,162,187,174,76,134,26,194,210,92,144,23,88,202,248,212,85,127,188,103,227,75,95,125,66,151],[109,108,21,47,35,192,165,140,43,195,164,94,42,166,71,81,179,91,236,49,148,100,246,242,217,19,201,38,87,89,170,235,45,171,86,32,27,142,185,145,51,123,79,117,159,30,124,137,131,219,231,102,58,48,34,40,146,167,160]]"
15000.0,96404.17383495356,88846.5568688858,7557.6169660677515,0.5038411310711834,242,4,98.98600521183441,98.33411955236727,"[[161,135,197,68,126,4,175,65,120,224,0,52,191,3,122,17,196,172,249,233,96,150,189,62,104,240,64,156,204,63,83,90,14,121,33,238,138,207,7,70,13,39,118,214,180,54,225,73,239],[184,198,11,67,182,220,203,193,53,106,119,199,2,6,1,18,74,97,205,208,8,24,78,9,101,237,226,10,157,147,152,20,82,22,37,158,16,29,116,143,133,173,61,178,57,31,5,99,216,168,44,163,200,176,244,221,128,153,36,206,72,129,28,80,211,110,15,25,50,177,223,77,12,222,59,209,41,243,139],[215,93,136,229,245,69,218,247,213,46,105,115,60,55,230,169,186,98,149,114,183,107,84,56,234,113,141,130,112,181,162,187,174,76,134,26,194,210,92,144,23,88,202,248,212,85,127,188,103,227,75,95,125,66,151],[109,108,21,47,35,192,165,140,43,195,164,94,42,166,71,81,179,91,236,49,148,100,246,242,217,19,201,38,87,89,170,235,45,171,86,32,27,142,185,145,51,123,79,117,159,30,124,137,131,219,231,102,58,48,34,40,146,167,160]]"
17500.0,97663.77666263151,88846.5568688858,8817.21979374571,0.5038411310711834,242,4,98.98600521183441,98.33411955236727,"[[161,135,197,68,126,4,175,65,120,224,0,52,191,3,122,17,196,172,249,233,96,150,189,62,104,240,64,156,204,63,83,90,14,121,33,238,138,207,7,70,13,39,118,214,180,54,225,73,239],[184,198,11,67,182,220,203,193,53,106,119,199,2,6,1,18,74,97,205,208,8,24,78,9,101,237,226,10,157,147,152,20,82,22,37,158,16,29,116,143,133,173,61,178,57,31,5,99,216,168,44,163,200,176,244,221,128,153,36,206,72,129,28,80,211,110,15,25,50,177,223,77,12,222,59,209,41,243,139],[215,93,136,229,245,69,218,247,213,46,105,115,60,55,230,169,186,98,149,114,183,107,84,56,234,113,141,130,112,181,162,187,174,76,134,26,194,210,92,144,23,88,202,248,212,85,127,188,103,227,75,95,125,66,151],[109,108,21,47,35,192,165,140,43,195,164,94,42,166,71,81,179,91,236,49,148,100,246,242,217,19,201,38,87,89,170,235,45,171,86,32,27,142,185,145,51,123,79,117,159,30,124,137,131,219,231,102,58,48,34,40,146,167,160]]"
20000.0,98923.37949030947,88846.5568688858,10076.82262142367,0.5038411310711834,242,4,98.98600521183441,98.33411955236727,"[[161,135,197,68,126,4,175,65,120,224,0,52,191,3,122,17,196,172,249,233,96,150,189,62,104,240,64,156,204,63,83,90,14,121,33,238,138,207,7,70,13,39,118,214,180,54,225,73,239],[184,198,11,67,182,220,203,193,53,106,119,199,2,6,1,18,74,97,205,208,8,24,78,9,101,237,226,10,157,147,152,20,82,22,37,158,16,29,116,143,133,173,61,178,57,31,5,99,216,168,44,163,200,176,244,221,128,153,36,206,72,129,28,80,211,110,15,25,50,177,223,77,12,222,59,209,41,243,139],[215,93,136,229,245,69,218,247,213,46,105,115,60,55,230,169,186,98,149,114,183,107,84,56,234,113,141,130,112,181,162,187,174,76,134,26,194,210,92,144,23,88,202,248,212,85,127,188,103,227,75,95,125,66,151],[109,108,21,47,35,192,165,140,43,195,164,94,42,166,71,81,179,91,236,49,148,100,246,242,217,19,201,38,87,89,170,235,45,171,86,32,27,142,185,145,51,123,79,117,159,30,124,137,131,219,231,102,58,48,34,40,146,167,160]]"
21000.0,99425.82397380324,89920.2896867926,9505.534287010645,0.45264448985764977,243,4,99.13510168835997,98.69643514962553,"[[161,135,197,68,126,4,175,65,120,224,0,52,191,3,122,17,196,172,249,233,96,150,189,62,104,240,132,204,156,64,63,83,90,14,121,33,238,138,207,7,70,13,39,118,214,180,54,225,73,239],[184,198,11,67,182,220,203,193,53,106,119,199,2,6,1,18,74,97,205,208,8,24,78,9,101,237,226,10,157,147,152,20,82,22,37,158,16,29,116,143,133,173,61,178,57,31,5,99,216,168,44,163,200,176,244,221,128,153,36,206,72,129,28,80,211,110,15,25,50,177,223,77,12,222,59,209,41,243,139],[215,93,136,229,245,69,218,247,213,46,105,115,60,55,230,169,186,98,149,114,183,107,84,56,234,113,141,130,112,181,162,187,174,76,134,26,194,210,92,144,23,88,202,248,212,85,127,188,103,227,75,95,125,66,151],[109,108,21,47,35,192,165,140,43,195,42,166,164,94,71,81,179,91,236,49,148,100,246,242,217,19,201,38,87,89,170,235,45,171,86,32,27,142,185,145,51,123,79,117,159,30,124,137,131,219,231,102,58,48,34,40,146,167,160]]"
22000.0,99878.4684636609,89920.2896867926,9958.178776868295,0.45264448985764977,243,4,99.13510168835997,98.69643514962553,"[[161,135,197,68,126,4,175,65,120,224,0,52,191,3,122,17,196,172,249,233,96,150,189,62,104,240,132,204,156,64,63,83,90,14,121,33,238,138,207,7,70,13,39,118,214,180,54,225,73,239],[184,198,11,67,182,220,203,193,53,106,119,199,2,6,1,18,74,97,205,208,8,24,78,9,101,237,226,10,157,147,152,20,82,22,37,158,16,29,116,143,133,173,61,178,57,31,5,99,216,168,44,163,200,176,244,221,128,153,36,206,72,129,28,80,211,110,15,25,50,177,223,77,12,222,59,209,41,243,139],[215,93,136,229,245,69,218,247,213,46,105,115,60,55,230,169,186,98,149,114,183,107,84,56,234,113,141,130,112,181,162,187,174,76,134,26,194,210,92,144,23,88,202,248,212,85,127,188,103,227,75,95,125,66,151],[109,108,21,47,35,192,165,140,43,195,42,166,164,94,71,81,179,91,236,49,148,100,246,242,217,19,201,38,87,89,170,235,45,171,86,32,27,142,185,145,51,123,79,117,159,30,124,137,131,219,231,102,58,48,34,40,146,167,160]]"
22500.0,100104.79070858972,89920.2896867926,10184.50102179712,0.45264448985764977,243,4,99.13510168835997,98.69643514962553,"[[161,135,197,68,126,4,175,65,120,224,0,52,191,3,122,17,196,172,249,233,96,150,189,62,104,240,132,204,156,64,63,83,90,14,121,33,238,138,207,7,70,13,39,118,214,180,54,225,73,239],[184,198,11,67,182,220,203,193,53,106,119,199,2,6,1,18,74,97,205,208,8,24,78,9,101,237,226,10,157,147,152,20,82,22,37,158,16,29,116,143,133,173,61,178,57,31,5,99,216,168,44,163,200,176,244,221,128,153,36,206,72,129,28,80,211,110,15,25,50,177,223,77,12,222,59,209,41,243,139],[215,93,136,229,245,69,218,247,213,46,105,115,60,55,230,169,186,98,149,114,183,107,84,56,234,113,141,130,112,181,162,187,174,76,134,26,194,210,92,144,23,88,202,248,212,85,127,188,103,227,75,95,125,66,151],[109,108,21,47,35,192,165,140,43,195,42,166,164,94,71,81,179,91,236,49,148,100,246,242,217,19,201,38,87,89,170,235,45,171,86,32,27,142,185,145,51,123,79,117,159,30,124,137,131,219,231,102,58,48,34,40,146,167,160]]"
23000.0,100184.28792179846,100184.28792179846,0.0,0.0,250,4,100.0,99.99999999999999,"[[161,135,197,59,209,244,176,200,225,54,180,214,206,80,28,129,72,118,39,13,70,7,207,138,238,33,190,121,14,90,83,63,204,156,64,240,104,62,132,196,17,122,3,52,0,224,120,93,151],[215,175,65,4,126,68,77,12,222,221,128,36,153,211,110,223,177,25,15,50,191,105,115,60,55,230,169,186,98,149,114,183,107,233,249,172,189,150,111,96,84,56,234,113,85,188,127,212,248,202,88,103,75,227,213,46,247,95,125,218,136,229,245,69,66,109],[239,73,41,243,99,216,5,31,57,178,168,44,163,61,173,133,143,116,29,147,16,158,37,152,20,82,22,154,228,155,232,30,159,117,79,123,51,145,185,142,27,32,86,171,45,241,124,137,58,182,67,160],[139,237,101,9,78,24,226,10,157,8,208,205,97,74,18,1,6,2,199,119,106,53,193,203,220,48,34,140,102,231,219,131,43,195,42,166,94,164,23,144,92,210,194,201,38,87,89,170,235,112,130,181,141,162,187,174,76,134,26,19,217,242,246,100,148,49,71,81,179,91,236,108,21,47,35,192,165,40,146,167,11,198,184]]"
24000.0,100184.28792179846,100184.28792179846,0.0,0.0,250,4,100.0,99.99999999999999,"[[161,135,197,59,209,244,176,200,225,54,180,214,206,80,28,129,72,118,39,13,70,7,207,138,238,33,190,121,14,90,83,63,204,156,64,240,104,62,132,196,17,122,3,52,0,224,120,93,151],[215,175,65,4,126,68,77,12,222,221,128,36,153,211,110,223,177,25,15,50,191,105,115,60,55,230,169,186,98,149,114,183,107,233,249,172,189,150,111,96,84,56,234,113,85,188,127,212,248,202,88,103,75,227,213,46,247,95,125,218,136,229,245,69,66,109],[239,73,41,243,99,216,5,31,57,178,168,44,163,61,173,133,143,116,29,147,16,158,37,152,20,82,22,154,228,155,232,30,159,117,79,123,51,145,185,142,27,32,86,171,45,241,124,137,58,182,67,160],[139,237,101,9,78,24,226,10,157,8,208,205,97,74,18,1,6,2,199,119,106,53,193,203,220,48,34,140,102,231,219,131,43,195,42,166,94,164,23,144,92,210,194,201,38,87,89,170,235,112,130,181,141,162,187,174,76,134,26,19,217,242,246,100,148,49,71,81,179,91,236,108,21,47,35,192,165,40,146,167,11,198,184]]"
25000.0,100184.28792179846,100184.28792179846,0.0,0.0,250,4,100.0,99.99999999999999,"[[161,135,197,59,209,244,176,200,225,54,180,214,206,80,28,129,72,118,39,13,70,7,207,138,238,33,190,121,14,90,83,63,204,156,64,240,104,62,132,196,17,122,3,52,0,224,120,93,151],[215,175,65,4,126,68,77,12,222,221,128,36,153,211,110,223,177,25,15,50,191,105,115,60,55,230,169,186,98,149,114,183,107,233,249,172,189,150,111,96,84,56,234,113,85,188,127,212,248,202,88,103,75,227,213,46,247,95,125,218,136,229,245,69,66,109],[239,73,41,243,99,216,5,31,57,178,168,44,163,61,173,133,143,116,29,147,16,158,37,152,20,82,22,154,228,155,232,30,159,117,79,123,51,145,185,142,27,32,86,171,45,241,124,137,58,182,67,160],[139,237,101,9,78,24,226,10,157,8,208,205,97,74,18,1,6,2,199,119,106,53,193,203,220,48,34,140,102,231,219,131,43,195,42,166,94,164,23,144,92,210,194,201,38,87,89,170,235,112,130,181,141,162,187,174,76,134,26,19,217,242,246,100,148,49,71,81,179,91,236,108,21,47,35,192,165,40,146,167,11,198,184]]"
30000.0,100184.28792179846,100184.28792179846,0.0,0.0,250,4,100.0,99.99999999999999,"[[161,135,197,59,209,244,176,200,225,54,180,214,206,80,28,129,72,118,39,13,70,7,207,138,238,33,190,121,14,90,83,63,204,156,64,240,104,62,132,196,17,122,3,52,0,224,120,93,151],[215,175,65,4,126,68,77,12,222,221,128,36,153,211,110,223,177,25,15,50,191,105,115,60,55,230,169,186,98,149,114,183,107,233,249,172,189,150,111,96,84,56,234,113,85,188,127,212,248,202,88,103,75,227,213,46,247,95,125,218,136,229,245,69,66,109],[239,73,41,243,99,216,5,31,57,178,168,44,163,61,173,133,143,116,29,147,16,158,37,152,20,82,22,154,228,155,232,30,159,117,79,123,51,145,185,142,27,32,86,171,45,241,124,137,58,182,67,160],[139,237,101,9,78,24,226,10,157,8,208,205,97,74,18,1,6,2,199,119,106,53,193,203,220,48,34,140,102,231,219,131,43,195,42,166,94,164,23,144,92,210,194,201,38,87,89,170,235,112,130,181,141,162,187,174,76,134,26,19,217,242,246,100,148,49,71,81,179,91,236,108,21,47,35,192,165,40,146,167,11,198,184]]"
50000.0,100184.28792179846,100184.28792179846,0.0,0.0,250,4,100.0,99.99999999999999,"[[161,135,197,59,209,244,176,200,225,54,180,214,206,80,28,129,72,118,39,13,70,7,207,138,238,33,190,121,14,90,83,63,204,156,64,240,104,62,132,196,17,122,3,52,0,224,120,93,151],[215,175,65,4,126,68,77,12,222,221,128,36,153,211,110,223,177,25,15,50,191,105,115,60,55,230,169,186,98,149,114,183,107,233,249,172,189,150,111,96,84,56,234,113,85,188,127,212,248,202,88,103,75,227,213,46,247,95,125,218,136,229,245,69,66,109],[239,73,41,243,99,216,5,31,57,178,168,44,163,61,173,133,143,116,29,147,16,158,37,152,20,82,22,154,228,155,232,30,159,117,79,123,51,145,185,142,27,32,86,171,45,241,124,137,58,182,67,160],[139,237,101,9,78,24,226,10,157,8,208,205,97,74,18,1,6,2,199,119,106,53,193,203,220,48,34,140,102,231,219,131,43,195,42,166,94,164,23,144,92,210,194,201,38,87,89,170,235,112,130,181,141,162,187,174,76,134,26,19,217,242,246,100,148,49,71,81,179,91,236,108,21,47,35,192,165,40,146,167,11,198,184]]"
100000.0,100184.28792179846,100184.28792179846,0.0,0.0,250,4,100.0,99.99999999999999,"[[161,135,197,59,209,244,176,200,225,54,180,214,206,80,28,129,72,118,39,13,70,7,207,138,238,33,190,121,14,90,83,63,204,156,64,240,104,62,132,196,17,122,3,52,0,224,120,93,151],[215,175,65,4,126,68,77,12,222,221,128,36,153,211,110,223,177,25,15,50,191,105,115,60,55,230,169,186,98,149,114,183,107,233,249,172,189,150,111,96,84,56,234,113,85,188,127,212,248,202,88,103,75,227,213,46,247,95,125,218,136,229,245,69,66,109],[239,73,41,243,99,216,5,31,57,178,168,44,163,61,173,133,143,116,29,147,16,158,37,152,20,82,22,154,228,155,232,30,159,117,79,123,51,145,185,142,27,32,86,171,45,241,124,137,58,182,67,160],[139,237,101,9,78,24,226,10,157,8,208,205,97,74,18,1,6,2,199,119,106,53,193,203,220,48,34,140,102,231,219,131,43,195,42,166,94,164,23,144,92,210,194,201,38,87,89,170,235,112,130,181,141,162,187,174,76,134,26,19,217,242,246,100,148,49,71,81,179,91,236,108,21,47,35,192,165,40,146,167,11,198,184]]"
