trial_id, experiment_id, run_id, algorithm, eps, min_samples, t, d, burnin, iter, iter_running_time_s, total_running_time_s, adjusted_rand_index, n, normalised_mutual_info
1, 1, 1, dynamic_dbscan, 1, 50, 5, 5, , 0, 0.17956829071044922, 0.17956829071044922, 0.0, 1000, 0.0
1, 1, 1, dynamic_dbscan, 1, 50, 5, 5, , 1, 0.18004059791564941, 0.35960888862609863, 0.9226653927820306, 2000, 0.8625720419039322
1, 1, 1, dynamic_dbscan, 1, 50, 5, 5, , 2, 0.19004249572753906, 0.5496513843536377, 0.9324627290615908, 3000, 0.8916213812189852
1, 1, 1, dynamic_dbscan, 1, 50, 5, 5, , 3, 0.19504475593566895, 0.7446961402893066, 0.9428410757930606, 4000, 0.9149254008393639
1, 1, 1, dynamic_dbscan, 1, 50, 5, 5, , 4, 0.27069807052612305, 1.0153942108154297, 0.9439621881436775, 5000, 0.9234649186362609
1, 1, 1, dynamic_dbscan, 1, 50, 5, 5, , 5, 0.1995556354522705, 1.2149498462677002, 0.9456255513686266, 6000, 0.9288597327238898
1, 1, 1, dynamic_dbscan, 1, 50, 5, 5, , 6, 0.18620061874389648, 1.4011504650115967, 0.9387590012756678, 7000, 0.9258117718004626
1, 1, 1, dynamic_dbscan, 1, 50, 5, 5, , 7, 0.2145862579345703, 1.615736722946167, 0.9413427374020326, 8000, 0.9313088179754964
1, 1, 1, dynamic_dbscan, 1, 50, 5, 5, , 8, 0.2250499725341797, 1.8407866954803467, 0.9410753072039104, 9000, 0.9336912171603662
1, 1, 1, dynamic_dbscan, 1, 50, 5, 5, , 9, 0.23426413536071777, 2.0750508308410645, 0.9429065850696154, 10000, 0.9372534263004645
2, 2, 1, fdbscan_dynamic_naive, 1, 50, 5, , , 0, 0.12455868721008301, 0.12455868721008301, 0.0, 1000, 0.0
2, 2, 1, fdbscan_dynamic_naive, 1, 50, 5, , , 1, 0.13161039352416992, 0.25616908073425293, 0.8051824009594382, 2000, 0.7620721318813118
2, 2, 1, fdbscan_dynamic_naive, 1, 50, 5, , , 2, 0.1410353183746338, 0.3972043991088867, 0.8437554505634088, 3000, 0.822552511927979
2, 2, 1, fdbscan_dynamic_naive, 1, 50, 5, , , 3, 0.15033817291259766, 0.5475425720214844, 0.8449267174853956, 4000, 0.8395757328312781
2, 2, 1, fdbscan_dynamic_naive, 1, 50, 5, , , 4, 0.16126799583435059, 0.708810567855835, 0.8346390639920416, 5000, 0.8446886927096752
2, 2, 1, fdbscan_dynamic_naive, 1, 50, 5, , , 5, 0.2714986801147461, 0.980309247970581, 0.8331183239201749, 6000, 0.8531002758929407
2, 2, 1, fdbscan_dynamic_naive, 1, 50, 5, , , 6, 0.17893719673156738, 1.1592464447021484, 0.8373363069280227, 7000, 0.8632100900164419
2, 2, 1, fdbscan_dynamic_naive, 1, 50, 5, , , 7, 0.18657135963439941, 1.3458178043365479, 0.8363390585384427, 8000, 0.8689426993976495
2, 2, 1, fdbscan_dynamic_naive, 1, 50, 5, , , 8, 0.19311165809631348, 1.5389294624328613, 0.8250765727633025, 9000, 0.8688689313570008
2, 2, 1, fdbscan_dynamic_naive, 1, 50, 5, , , 9, 0.2027888298034668, 1.7417182922363281, 0.825885727124262, 10000, 0.8742342941377438
3, 3, 1, fdbscan_dynamic_noncore, 1, 50, 5, , 20, 0, 0.12356042861938477, 0.12356042861938477, 0.0, 1000, 0.0
3, 3, 1, fdbscan_dynamic_noncore, 1, 50, 5, , 20, 1, 0.13256406784057617, 0.25612449645996094, 0.7968516447111779, 2000, 0.7534215693837943
3, 3, 1, fdbscan_dynamic_noncore, 1, 50, 5, , 20, 2, 0.19709491729736328, 0.4532194137573242, 0.8372917226858141, 3000, 0.8165999289139076
3, 3, 1, fdbscan_dynamic_noncore, 1, 50, 5, , 20, 3, 0.1501927375793457, 0.6034121513366699, 0.8339969593974653, 4000, 0.831501354632421
3, 3, 1, fdbscan_dynamic_noncore, 1, 50, 5, , 20, 4, 0.15956664085388184, 0.7629787921905518, 0.8226804838694104, 5000, 0.8369154313449605
3, 3, 1, fdbscan_dynamic_noncore, 1, 50, 5, , 20, 5, 0.1685621738433838, 0.9315409660339355, 0.8198991185706613, 6000, 0.8452099900379061
3, 3, 1, fdbscan_dynamic_noncore, 1, 50, 5, , 20, 6, 0.175567626953125, 1.1071085929870605, 0.825231563892638, 7000, 0.8563909611565915
3, 3, 1, fdbscan_dynamic_noncore, 1, 50, 5, , 20, 7, 0.18689274787902832, 1.2940013408660889, 0.8278513914923511, 8000, 0.8644665036454058
3, 3, 1, fdbscan_dynamic_noncore, 1, 50, 5, , 20, 8, 0.19258403778076172, 1.4865853786468506, 0.8154641630668124, 9000, 0.8642003398141882
3, 3, 1, fdbscan_dynamic_noncore, 1, 50, 5, , 20, 9, 0.2621285915374756, 1.7487139701843262, 0.8170118730114265, 10000, 0.870123583439575
4, 4, 1, Ada_dynamic_dbscan, 0.75, 26, 7, 5, , 0, 0.12755942344665527, 0.12755942344665527, 0.0, 1000, 0.0
4, 4, 1, Ada_dynamic_dbscan, 0.75, 26, 7, 5, , 1, 0.11502552032470703, 0.2425849437713623, 0.30971850246003896, 2000, 0.40837602288289515
4, 4, 1, Ada_dynamic_dbscan, 0.75, 26, 7, 5, , 2, 0.1305553913116455, 0.3731403350830078, 0.3503625089714501, 3000, 0.5060248853874686
4, 4, 1, Ada_dynamic_dbscan, 0.75, 26, 7, 5, , 3, 0.12811017036437988, 0.5012505054473877, 0.3561869061909184, 4000, 0.5543164911494205
4, 4, 1, Ada_dynamic_dbscan, 0.75, 26, 7, 5, , 4, 0.1355571746826172, 0.6368076801300049, 0.3441842665047029, 5000, 0.5791539496613035
4, 4, 1, Ada_dynamic_dbscan, 0.75, 26, 7, 5, , 5, 0.16918516159057617, 0.805992841720581, 0.3706621960958279, 6000, 0.6166781112069062
4, 4, 1, Ada_dynamic_dbscan, 0.75, 26, 7, 5, , 6, 0.15208911895751953, 0.9580819606781006, 0.36503893646087354, 7000, 0.6328917515095812
4, 4, 1, Ada_dynamic_dbscan, 0.75, 26, 7, 5, , 7, 0.23857831954956055, 1.1966602802276611, 0.36098053079091647, 8000, 0.6471991321756293
4, 4, 1, Ada_dynamic_dbscan, 0.75, 26, 7, 5, , 8, 0.15556097030639648, 1.3522212505340576, 0.34218264583519886, 9000, 0.6526481604087455
4, 4, 1, Ada_dynamic_dbscan, 0.75, 26, 7, 5, , 9, 0.16808795928955078, 1.5203092098236084, 0.3333626298045108, 10000, 0.6608854275352913
5, 5, 1, sklearn_dynamic, 1, 10, , , , 0, 0.016530752182006836, 0.016530752182006836, 0.0, 1000, 0.0
5, 5, 1, sklearn_dynamic, 1, 10, , , , 1, 0.03155183792114258, 0.048082590103149414, 0.40900614215502923, 2000, 0.4885148863417347
5, 5, 1, sklearn_dynamic, 1, 10, , , , 2, 0.04200911521911621, 0.09009170532226562, 0.43231299714357896, 3000, 0.5696136232261858
5, 5, 1, sklearn_dynamic, 1, 10, , , , 3, 0.06301426887512207, 0.1531059741973877, 0.42125709791513255, 4000, 0.6046672493292246
5, 5, 1, sklearn_dynamic, 1, 10, , , , 4, 0.0780172348022461, 0.2311232089996338, 0.40864376498027444, 5000, 0.6276513030393209
5, 5, 1, sklearn_dynamic, 1, 10, , , , 5, 0.08760213851928711, 0.3187253475189209, 0.3892905734819698, 6000, 0.6404240134701222
5, 5, 1, sklearn_dynamic, 1, 10, , , , 6, 0.1008450984954834, 0.4195704460144043, 0.368833722717922, 7000, 0.6495654248552144
5, 5, 1, sklearn_dynamic, 1, 10, , , , 7, 0.14237284660339355, 0.5619432926177979, 0.3508330160871772, 8000, 0.6570138145689478
5, 5, 1, sklearn_dynamic, 1, 10, , , , 8, 0.15403485298156738, 0.7159781455993652, 0.3281421554709364, 9000, 0.6600764443907968
5, 5, 1, sklearn_dynamic, 1, 10, , , , 9, 0.16803765296936035, 0.8840157985687256, 0.3168167276021765, 10000, 0.6668577012249355
