trial_id, experiment_id, run_id, algorithm, eps, min_samples, t, d, burnin, iter, iter_running_time_s, total_running_time_s, n, adjusted_rand_index, normalised_mutual_info
1, 1, 1, dynamic_dbscan, 0.75, 10, 10, 20, , 0, 0.11902666091918945, 0.11902666091918945, 1000, 0.0, 0.0
1, 1, 1, dynamic_dbscan, 0.75, 10, 10, 20, , 1, 0.09302186965942383, 0.21204853057861328, 2000, 0.0, 0.0
1, 1, 1, dynamic_dbscan, 0.75, 10, 10, 20, , 2, 0.17661190032958984, 0.3886604309082031, 3000, 0.0009369587049275225, 0.05736602252608385
1, 1, 1, dynamic_dbscan, 0.75, 10, 10, 20, , 3, 0.09638810157775879, 0.4850485324859619, 4000, 0.0012705262699757045, 0.057846572890992015
1, 1, 1, dynamic_dbscan, 0.75, 10, 10, 20, , 4, 0.10002255439758301, 0.5850710868835449, 5000, 0.002214012240162016, 0.0736009798613666
1, 1, 1, dynamic_dbscan, 0.75, 10, 10, 20, , 5, 0.10303092002868652, 0.6881020069122314, 6000, 0.0032931942270276113, 0.08627293520767015
1, 1, 1, dynamic_dbscan, 0.75, 10, 10, 20, , 6, 0.10502409934997559, 0.793126106262207, 7000, 0.004983174151627327, 0.09143839049334529
1, 1, 1, dynamic_dbscan, 0.75, 10, 10, 20, , 7, 0.11202526092529297, 0.9051513671875, 8000, 0.010986701241922603, 0.12057879885267037
1, 1, 1, dynamic_dbscan, 0.75, 10, 10, 20, , 8, 0.20104503631591797, 1.106196403503418, 9000, 0.014096588850407057, 0.1292615715094154
1, 1, 1, dynamic_dbscan, 0.75, 10, 10, 20, , 9, 0.11502695083618164, 1.2212233543395996, 10000, 0.01706341455118349, 0.13795836234245132
1, 1, 1, dynamic_dbscan, 0.75, 10, 10, 20, , 10, 0.11711764335632324, 1.3383409976959229, 11000, 0.019205137559232782, 0.14716409533955221
1, 1, 1, dynamic_dbscan, 0.75, 10, 10, 20, , 11, 0.13002896308898926, 1.468369960784912, 12000, 0.024060627237372158, 0.16267429132279557
1, 1, 1, dynamic_dbscan, 0.75, 10, 10, 20, , 12, 0.127028226852417, 1.595398187637329, 13000, 0.02521651596372986, 0.16712499330015654
1, 1, 1, dynamic_dbscan, 0.75, 10, 10, 20, , 13, 0.12602829933166504, 1.7214264869689941, 14000, 0.026648579138824815, 0.171110116265741
1, 1, 1, dynamic_dbscan, 0.75, 10, 10, 20, , 14, 0.22423171997070312, 1.9456582069396973, 15000, 0.027639813719097864, 0.17506307135028096
1, 1, 1, dynamic_dbscan, 0.75, 10, 10, 20, , 15, 0.13103699684143066, 2.076695203781128, 16000, 0.029018861477319562, 0.17938915500246075
1, 1, 1, dynamic_dbscan, 0.75, 10, 10, 20, , 16, 0.13203024864196777, 2.2087254524230957, 17000, 0.030796695976482793, 0.18499389043470268
1, 1, 1, dynamic_dbscan, 0.75, 10, 10, 20, , 17, 0.12802863121032715, 2.336754083633423, 18000, 0.03075473229779564, 0.18407975890111505
1, 1, 1, dynamic_dbscan, 0.75, 10, 10, 20, , 18, 0.1380314826965332, 2.474785566329956, 19000, 0.03158082228849709, 0.18716981740188104
1, 1, 1, dynamic_dbscan, 0.75, 10, 10, 20, , 19, 0.1310288906097412, 2.6058144569396973, 20000, 0.0319665058432425, 0.18864677558943999
1, 1, 1, dynamic_dbscan, 0.75, 10, 10, 20, , 20, 0.14203262329101562, 2.747847080230713, 21000, 0.03380964761029208, 0.1955849643173667
1, 1, 1, dynamic_dbscan, 0.75, 10, 10, 20, , 21, 0.1380312442779541, 2.885878324508667, 22000, 0.03536897606124649, 0.19822328645415038
1, 1, 1, dynamic_dbscan, 0.75, 10, 10, 20, , 22, 0.266845703125, 3.152724027633667, 23000, 0.03721174675375733, 0.20323187633472767
1, 1, 1, dynamic_dbscan, 0.75, 10, 10, 20, , 23, 0.1450338363647461, 3.297757863998413, 24000, 0.03763655375752264, 0.20455107508547019
1, 1, 1, dynamic_dbscan, 0.75, 10, 10, 20, , 24, 0.14003205299377441, 3.4377899169921875, 25000, 0.0382320457755878, 0.20626838292539462
1, 1, 1, dynamic_dbscan, 0.75, 10, 10, 20, , 25, 0.1479017734527588, 3.5856916904449463, 26000, 0.0391995050955061, 0.2093110200695822
1, 1, 1, dynamic_dbscan, 0.75, 10, 10, 20, , 26, 0.14803242683410645, 3.7337241172790527, 27000, 0.03963153853258699, 0.2104716173410744
1, 1, 1, dynamic_dbscan, 0.75, 10, 10, 20, , 27, 0.1478273868560791, 3.881551504135132, 28000, 0.04000421498684814, 0.21188367325131782
1, 1, 1, dynamic_dbscan, 0.75, 10, 10, 20, , 28, 0.14956402778625488, 4.031115531921387, 29000, 0.040008313902325725, 0.21180421333082133
1, 1, 1, dynamic_dbscan, 0.75, 10, 10, 20, , 29, 0.149033784866333, 4.18014931678772, 30000, 0.040923731078438344, 0.21454907144419724
1, 1, 1, dynamic_dbscan, 0.75, 10, 10, 20, , 30, 0.1600356101989746, 4.340184926986694, 31000, 0.04159108856752492, 0.21634308160473134
1, 1, 1, dynamic_dbscan, 0.75, 10, 10, 20, , 31, 0.16003632545471191, 4.500221252441406, 32000, 0.04195344633791867, 0.21747475341148384
1, 1, 1, dynamic_dbscan, 0.75, 10, 10, 20, , 32, 0.2980668544769287, 4.798288106918335, 33000, 0.04237165735527523, 0.21847972645572467
1, 1, 1, dynamic_dbscan, 0.75, 10, 10, 20, , 33, 0.1538681983947754, 4.95215630531311, 34000, 0.042664873111523755, 0.21941740292027126
1, 1, 1, dynamic_dbscan, 0.75, 10, 10, 20, , 34, 0.16504216194152832, 5.117198467254639, 35000, 0.042871789506674994, 0.22018542239170186
1, 1, 1, dynamic_dbscan, 0.75, 10, 10, 20, , 35, 0.16204166412353516, 5.279240131378174, 36000, 0.0428912975429778, 0.22111309523345263
1, 1, 1, dynamic_dbscan, 0.75, 10, 10, 20, , 36, 0.1590421199798584, 5.438282251358032, 37000, 0.04269446234739219, 0.2205481735758671
1, 1, 1, dynamic_dbscan, 0.75, 10, 10, 20, , 37, 0.16304230690002441, 5.601324558258057, 38000, 0.04250371404018133, 0.21973279352328728
1, 1, 1, dynamic_dbscan, 0.75, 10, 10, 20, , 38, 0.16103625297546387, 5.7623608112335205, 39000, 0.042726572989895725, 0.22039201960019247
1, 1, 1, dynamic_dbscan, 0.75, 10, 10, 20, , 39, 0.17203807830810547, 5.934398889541626, 40000, 0.042894545034808954, 0.22122896562478017
1, 1, 1, dynamic_dbscan, 0.75, 10, 10, 20, , 40, 0.16803741455078125, 6.102436304092407, 41000, 0.04298637709297872, 0.2212958779782954
1, 1, 1, dynamic_dbscan, 0.75, 10, 10, 20, , 41, 0.16303682327270508, 6.265473127365112, 42000, 0.04331577507575701, 0.22301107097510955
1, 1, 1, dynamic_dbscan, 0.75, 10, 10, 20, , 42, 0.1676950454711914, 6.433168172836304, 43000, 0.04332954978646921, 0.22318981972387175
1, 1, 1, dynamic_dbscan, 0.75, 10, 10, 20, , 43, 0.17704153060913086, 6.610209703445435, 44000, 0.04341300669767618, 0.2240931988874627
1, 1, 1, dynamic_dbscan, 0.75, 10, 10, 20, , 44, 0.18104290962219238, 6.791252613067627, 45000, 0.0436306018337962, 0.22480483509524593
1, 1, 1, dynamic_dbscan, 0.75, 10, 10, 20, , 45, 0.35008955001831055, 7.1413421630859375, 46000, 0.04364066055004963, 0.2249459847690405
1, 1, 1, dynamic_dbscan, 0.75, 10, 10, 20, , 46, 0.17695283889770508, 7.318295001983643, 47000, 0.0436092245490035, 0.22547016125339725
1, 1, 1, dynamic_dbscan, 0.75, 10, 10, 20, , 47, 0.18510198593139648, 7.503396987915039, 48000, 0.0436801657850027, 0.22599835936461504
1, 1, 1, dynamic_dbscan, 0.75, 10, 10, 20, , 48, 0.18101930618286133, 7.6844162940979, 49000, 0.04361479171124588, 0.22585326501785635
1, 1, 1, dynamic_dbscan, 0.75, 10, 10, 20, , 49, 0.173994779586792, 7.858411073684692, 50000, 0.043522621076826244, 0.2254993924817603
1, 1, 1, dynamic_dbscan, 0.75, 10, 10, 20, , 50, 0.18752741813659668, 8.045938491821289, 51000, 0.04358807703490153, 0.22571320017784258
1, 1, 1, dynamic_dbscan, 0.75, 10, 10, 20, , 51, 0.19102025032043457, 8.236958742141724, 52000, 0.04413111967791235, 0.22693501844008646
1, 1, 1, dynamic_dbscan, 0.75, 10, 10, 20, , 52, 0.18999862670898438, 8.426957368850708, 53000, 0.04415188467584524, 0.22710309328559689
1, 1, 1, dynamic_dbscan, 0.75, 10, 10, 20, , 53, 0.1907339096069336, 8.617691278457642, 54000, 0.04419827079151004, 0.22727507518279286
1, 1, 1, dynamic_dbscan, 0.75, 10, 10, 20, , 54, 0.1990365982055664, 8.816727876663208, 55000, 0.04430426416609718, 0.22763402474094468
1, 1, 1, dynamic_dbscan, 0.75, 10, 10, 20, , 55, 0.18404173851013184, 9.00076961517334, 56000, 0.0444376648660664, 0.22796247466937558
1, 1, 1, dynamic_dbscan, 0.75, 10, 10, 20, , 56, 0.20204520225524902, 9.202814817428589, 57000, 0.044456120023354515, 0.22791152337925707
1, 1, 1, dynamic_dbscan, 0.75, 10, 10, 20, , 57, 0.19504427909851074, 9.3978590965271, 58000, 0.04465450033492131, 0.22861086976479686
1, 1, 1, dynamic_dbscan, 0.75, 10, 10, 20, , 58, 0.19757533073425293, 9.595434427261353, 59000, 0.04486294676429558, 0.22924728359149124
1, 1, 1, dynamic_dbscan, 0.75, 10, 10, 20, , 59, 0.21435260772705078, 9.809787034988403, 60000, 0.04490810047340668, 0.22950262840129798
1, 1, 1, dynamic_dbscan, 0.75, 10, 10, 20, , 60, 0.19298410415649414, 10.002771139144897, 61000, 0.04499350390341643, 0.22967979582038955
1, 1, 1, dynamic_dbscan, 0.75, 10, 10, 20, , 61, 0.41462206840515137, 10.417393207550049, 62000, 0.045048902453158776, 0.22987419979497337
1, 1, 1, dynamic_dbscan, 0.75, 10, 10, 20, , 62, 0.21370768547058105, 10.63110089302063, 63000, 0.04506198996425885, 0.2299474920382217
1, 1, 1, dynamic_dbscan, 0.75, 10, 10, 20, , 63, 0.20983076095581055, 10.84093165397644, 64000, 0.045176284447751264, 0.23042584211801218
1, 1, 1, dynamic_dbscan, 0.75, 10, 10, 20, , 64, 0.21204853057861328, 11.052980184555054, 65000, 0.04512976463812111, 0.23032944143536202
1, 1, 1, dynamic_dbscan, 0.75, 10, 10, 20, , 65, 0.21057844161987305, 11.263558626174927, 66000, 0.04542392172256279, 0.231067629169853
1, 1, 1, dynamic_dbscan, 0.75, 10, 10, 20, , 66, 0.20604634284973145, 11.469604969024658, 67000, 0.045530795790610944, 0.2314077208419051
1, 1, 1, dynamic_dbscan, 0.75, 10, 10, 20, , 67, 0.2270500659942627, 11.696655035018921, 68000, 0.04567479889430426, 0.2317936494221174
1, 1, 1, dynamic_dbscan, 0.75, 10, 10, 20, , 68, 0.2119290828704834, 11.908584117889404, 69000, 0.045635420543398114, 0.23197165691074556
1, 1, 1, dynamic_dbscan, 0.75, 10, 10, 20, , 69, 0.22805094718933105, 12.136635065078735, 70000, 0.04581749748418467, 0.23267191812978513
2, 2, 1, fdbscan_dynamic_naive, 0.75, 10, 10, , , 0, 0.21304845809936523, 0.21304845809936523, 1000, 0.0, 0.0
2, 2, 1, fdbscan_dynamic_naive, 0.75, 10, 10, , , 1, 0.225050687789917, 0.4380991458892822, 2000, 0.0, 0.0
2, 2, 1, fdbscan_dynamic_naive, 0.75, 10, 10, , , 2, 0.23594379425048828, 0.6740429401397705, 3000, 0.0, 0.0
2, 2, 1, fdbscan_dynamic_naive, 0.75, 10, 10, , , 3, 0.2470555305480957, 0.9210984706878662, 4000, 0.0, 0.0
2, 2, 1, fdbscan_dynamic_naive, 0.75, 10, 10, , , 4, 0.25905823707580566, 1.1801567077636719, 5000, -0.00046905403558389157, 0.020920669285868075
2, 2, 1, fdbscan_dynamic_naive, 0.75, 10, 10, , , 5, 0.27199888229370117, 1.452155590057373, 6000, -0.00035109096661668326, 0.025236715458209064
2, 2, 1, fdbscan_dynamic_naive, 0.75, 10, 10, , , 6, 0.28128814697265625, 1.7334437370300293, 7000, -0.00012524150858441729, 0.03918025945807953
2, 2, 1, fdbscan_dynamic_naive, 0.75, 10, 10, , , 7, 0.2970764636993408, 2.03052020072937, 8000, 0.00036079965577951595, 0.059771406336603855
2, 2, 1, fdbscan_dynamic_naive, 0.75, 10, 10, , , 8, 0.425886869430542, 2.456407070159912, 9000, 0.00456811739096939, 0.09916970627935752
2, 2, 1, fdbscan_dynamic_naive, 0.75, 10, 10, , , 9, 0.3176085948944092, 2.7740156650543213, 10000, 0.0055160819316142674, 0.11004563033529989
2, 2, 1, fdbscan_dynamic_naive, 0.75, 10, 10, , , 10, 0.3290739059448242, 3.1030895709991455, 11000, 0.0093686994846364, 0.11615387183048627
2, 2, 1, fdbscan_dynamic_naive, 0.75, 10, 10, , , 11, 0.4319419860839844, 3.53503155708313, 12000, 0.013251970229939685, 0.12448277398923996
2, 2, 1, fdbscan_dynamic_naive, 0.75, 10, 10, , , 12, 0.3530128002166748, 3.8880443572998047, 13000, 0.013476597589057894, 0.12530765647670936
2, 2, 1, fdbscan_dynamic_naive, 0.75, 10, 10, , , 13, 0.36799192428588867, 4.256036281585693, 14000, 0.015734083432414177, 0.13312264366596022
2, 2, 1, fdbscan_dynamic_naive, 0.75, 10, 10, , , 14, 0.47689032554626465, 4.732926607131958, 15000, 0.016209890349564927, 0.1348031564809911
2, 2, 1, fdbscan_dynamic_naive, 0.75, 10, 10, , , 15, 0.39310312271118164, 5.12602972984314, 16000, 0.017187255792636403, 0.1387991910851049
2, 2, 1, fdbscan_dynamic_naive, 0.75, 10, 10, , , 16, 0.5060012340545654, 5.632030963897705, 17000, 0.01719383007629871, 0.13899714373042452
2, 2, 1, fdbscan_dynamic_naive, 0.75, 10, 10, , , 17, 0.44200706481933594, 6.074038028717041, 18000, 0.01910319804226158, 0.14554985570633266
2, 2, 1, fdbscan_dynamic_naive, 0.75, 10, 10, , , 18, 0.4260678291320801, 6.500105857849121, 19000, 0.020666239017938827, 0.1509194183431237
2, 2, 1, fdbscan_dynamic_naive, 0.75, 10, 10, , , 19, 0.539050817489624, 7.039156675338745, 20000, 0.023346601195557235, 0.1626440084849369
2, 2, 1, fdbscan_dynamic_naive, 0.75, 10, 10, , , 20, 0.448394775390625, 7.48755145072937, 21000, 0.023598989300215794, 0.16364054570004252
2, 2, 1, fdbscan_dynamic_naive, 0.75, 10, 10, , , 21, 0.5714671611785889, 8.059018611907959, 22000, 0.02485824607621546, 0.1682514264432232
2, 2, 1, fdbscan_dynamic_naive, 0.75, 10, 10, , , 22, 0.4731423854827881, 8.532160997390747, 23000, 0.025640185918799616, 0.17288217605731301
2, 2, 1, fdbscan_dynamic_naive, 0.75, 10, 10, , , 23, 0.606112003326416, 9.138273000717163, 24000, 0.02607386386482729, 0.17412753511210902
2, 2, 1, fdbscan_dynamic_naive, 0.75, 10, 10, , , 24, 0.5008254051208496, 9.639098405838013, 25000, 0.025932109053211014, 0.17361303510402945
2, 2, 1, fdbscan_dynamic_naive, 0.75, 10, 10, , , 25, 0.6291077136993408, 10.268206119537354, 26000, 0.02700065803158619, 0.17777742811608016
2, 2, 1, fdbscan_dynamic_naive, 0.75, 10, 10, , , 26, 0.5288131237030029, 10.797019243240356, 27000, 0.027351485339417024, 0.17872748778742514
2, 2, 1, fdbscan_dynamic_naive, 0.75, 10, 10, , , 27, 0.6610856056213379, 11.458104848861694, 28000, 0.02908002337002324, 0.18394887310832878
2, 2, 1, fdbscan_dynamic_naive, 0.75, 10, 10, , , 28, 0.5552418231964111, 12.013346672058105, 29000, 0.028910378031122272, 0.1831714218164918
2, 2, 1, fdbscan_dynamic_naive, 0.75, 10, 10, , , 29, 0.6972193717956543, 12.71056604385376, 30000, 0.029596991600087448, 0.18546750067814496
2, 2, 1, fdbscan_dynamic_naive, 0.75, 10, 10, , , 30, 0.58235764503479, 13.29292368888855, 31000, 0.030032079884635077, 0.18707511317970313
2, 2, 1, fdbscan_dynamic_naive, 0.75, 10, 10, , , 31, 0.5914657115936279, 13.884389400482178, 32000, 0.0305796063465657, 0.18902225114756938
2, 2, 1, fdbscan_dynamic_naive, 0.75, 10, 10, , , 32, 0.7306952476501465, 14.615084648132324, 33000, 0.031227537448151748, 0.1908036479907368
2, 2, 1, fdbscan_dynamic_naive, 0.75, 10, 10, , , 33, 0.620596170425415, 15.23568081855774, 34000, 0.031371199512052104, 0.19131158721866784
2, 2, 1, fdbscan_dynamic_naive, 0.75, 10, 10, , , 34, 0.7617032527923584, 15.997384071350098, 35000, 0.031611166400524714, 0.19207822876647027
2, 2, 1, fdbscan_dynamic_naive, 0.75, 10, 10, , , 35, 0.7785754203796387, 16.775959491729736, 36000, 0.03178409983732921, 0.1924796434611358
2, 2, 1, fdbscan_dynamic_naive, 0.75, 10, 10, , , 36, 0.659677267074585, 17.43563675880432, 37000, 0.031589210584289144, 0.19190091558209801
2, 2, 1, fdbscan_dynamic_naive, 0.75, 10, 10, , , 37, 0.8121006488800049, 18.247737407684326, 38000, 0.03184694536557991, 0.19218618656971007
2, 2, 1, fdbscan_dynamic_naive, 0.75, 10, 10, , , 38, 0.6876981258392334, 18.93543553352356, 39000, 0.03458659768586083, 0.19785313128534707
2, 2, 1, fdbscan_dynamic_naive, 0.75, 10, 10, , , 39, 0.8263523578643799, 19.76178789138794, 40000, 0.03481400548349965, 0.19867944318929479
2, 2, 1, fdbscan_dynamic_naive, 0.75, 10, 10, , , 40, 0.7086689472198486, 20.470456838607788, 41000, 0.03482130492251521, 0.19866625189393758
2, 2, 1, fdbscan_dynamic_naive, 0.75, 10, 10, , , 41, 0.8687260150909424, 21.33918285369873, 42000, 0.034983561470427194, 0.19904258207573405
2, 2, 1, fdbscan_dynamic_naive, 0.75, 10, 10, , , 42, 0.7355239391326904, 22.07470679283142, 43000, 0.0350617253994418, 0.19939398733455585
2, 2, 1, fdbscan_dynamic_naive, 0.75, 10, 10, , , 43, 0.9036195278167725, 22.978326320648193, 44000, 0.03509769515730216, 0.19948760596350734
2, 2, 1, fdbscan_dynamic_naive, 0.75, 10, 10, , , 44, 0.773115873336792, 23.751442193984985, 45000, 0.03523925608229415, 0.19999761726087628
2, 2, 1, fdbscan_dynamic_naive, 0.75, 10, 10, , , 45, 0.9150161743164062, 24.66645836830139, 46000, 0.035301300903720904, 0.20015741864081607
2, 2, 1, fdbscan_dynamic_naive, 0.75, 10, 10, , , 46, 0.7897307872772217, 25.456189155578613, 47000, 0.03552040420028642, 0.20072546837625516
2, 2, 1, fdbscan_dynamic_naive, 0.75, 10, 10, , , 47, 0.9557507038116455, 26.41193985939026, 48000, 0.0356561291701917, 0.2011848998629781
2, 2, 1, fdbscan_dynamic_naive, 0.75, 10, 10, , , 48, 0.8110105991363525, 27.22295045852661, 49000, 0.03594845188136629, 0.2020857692061773
2, 2, 1, fdbscan_dynamic_naive, 0.75, 10, 10, , , 49, 0.9784407615661621, 28.201391220092773, 50000, 0.03617155202631757, 0.20260929096409527
2, 2, 1, fdbscan_dynamic_naive, 0.75, 10, 10, , , 50, 0.9992258548736572, 29.20061707496643, 51000, 0.03627853674266234, 0.20281647948396672
2, 2, 1, fdbscan_dynamic_naive, 0.75, 10, 10, , , 51, 0.8498401641845703, 30.050457239151, 52000, 0.036448619235131, 0.2032578422623056
2, 2, 1, fdbscan_dynamic_naive, 0.75, 10, 10, , , 52, 1.0302584171295166, 31.080715656280518, 53000, 0.03656952840169642, 0.2036383256780272
2, 2, 1, fdbscan_dynamic_naive, 0.75, 10, 10, , , 53, 0.8775508403778076, 31.958266496658325, 54000, 0.036768767458026395, 0.20431424423057004
2, 2, 1, fdbscan_dynamic_naive, 0.75, 10, 10, , , 54, 1.0573079586029053, 33.01557445526123, 55000, 0.037220231572140994, 0.20557424779671649
2, 2, 1, fdbscan_dynamic_naive, 0.75, 10, 10, , , 55, 0.9014196395874023, 33.91699409484863, 56000, 0.037589105064019815, 0.2072450368396241
2, 2, 1, fdbscan_dynamic_naive, 0.75, 10, 10, , , 56, 1.08809232711792, 35.00508642196655, 57000, 0.03785903498784092, 0.2079639472517015
2, 2, 1, fdbscan_dynamic_naive, 0.75, 10, 10, , , 57, 0.9299595355987549, 35.93504595756531, 58000, 0.03806670810981817, 0.20855104934283938
2, 2, 1, fdbscan_dynamic_naive, 0.75, 10, 10, , , 58, 1.1178607940673828, 37.05290675163269, 59000, 0.03814573917394897, 0.20883523683992244
2, 2, 1, fdbscan_dynamic_naive, 0.75, 10, 10, , , 59, 1.141836166381836, 38.194742918014526, 60000, 0.038341015152840524, 0.20999688349368642
2, 2, 1, fdbscan_dynamic_naive, 0.75, 10, 10, , , 60, 0.97579026222229, 39.170533180236816, 61000, 0.038622450601707194, 0.2114154266111058
2, 2, 1, fdbscan_dynamic_naive, 0.75, 10, 10, , , 61, 1.1665387153625488, 40.337071895599365, 62000, 0.03865621140889277, 0.21169354228892376
2, 2, 1, fdbscan_dynamic_naive, 0.75, 10, 10, , , 62, 0.9980931282043457, 41.33516502380371, 63000, 0.039030780880955546, 0.2128518109012416
2, 2, 1, fdbscan_dynamic_naive, 0.75, 10, 10, , , 63, 1.1976511478424072, 42.53281617164612, 64000, 0.03922704696887679, 0.21357759883660987
2, 2, 1, fdbscan_dynamic_naive, 0.75, 10, 10, , , 64, 1.0506088733673096, 43.58342504501343, 65000, 0.03932960890796141, 0.2138724821662902
2, 2, 1, fdbscan_dynamic_naive, 0.75, 10, 10, , , 65, 1.204103708267212, 44.78752875328064, 66000, 0.0396379523875869, 0.21474606841535188
2, 2, 1, fdbscan_dynamic_naive, 0.75, 10, 10, , , 66, 1.2245268821716309, 46.01205563545227, 67000, 0.0397024889972437, 0.21500279472849534
2, 2, 1, fdbscan_dynamic_naive, 0.75, 10, 10, , , 67, 1.0470035076141357, 47.059059143066406, 68000, 0.04014827282753803, 0.2162569034933175
2, 2, 1, fdbscan_dynamic_naive, 0.75, 10, 10, , , 68, 1.2524878978729248, 48.31154704093933, 69000, 0.04018643564603396, 0.21638649548105385
2, 2, 1, fdbscan_dynamic_naive, 0.75, 10, 10, , , 69, 1.0737919807434082, 49.38533902168274, 70000, 0.040240704131345964, 0.21647498262735812
3, 3, 1, fdbscan_dynamic_noncore, 0.75, 10, 10, , 20, 0, 0.28087353706359863, 0.28087353706359863, 1000, 0.0, 0.0
3, 3, 1, fdbscan_dynamic_noncore, 0.75, 10, 10, , 20, 1, 0.21828842163085938, 0.499161958694458, 2000, 0.0, 0.0
3, 3, 1, fdbscan_dynamic_noncore, 0.75, 10, 10, , 20, 2, 0.23205256462097168, 0.7312145233154297, 3000, 0.0, 0.0
3, 3, 1, fdbscan_dynamic_noncore, 0.75, 10, 10, , 20, 3, 0.24305438995361328, 0.974268913269043, 4000, 0.0, 0.0
3, 3, 1, fdbscan_dynamic_noncore, 0.75, 10, 10, , 20, 4, 0.2568225860595703, 1.2310914993286133, 5000, -0.0004505117461643376, 0.018000513436656818
3, 3, 1, fdbscan_dynamic_noncore, 0.75, 10, 10, , 20, 5, 0.2665884494781494, 1.4976799488067627, 6000, -0.0003433600555152532, 0.02341987348240166
3, 3, 1, fdbscan_dynamic_noncore, 0.75, 10, 10, , 20, 6, 0.35228538513183594, 1.8499653339385986, 7000, -0.00014871989638567487, 0.0356008099215143
3, 3, 1, fdbscan_dynamic_noncore, 0.75, 10, 10, , 20, 7, 0.28606438636779785, 2.1360297203063965, 8000, 0.0004451512087703893, 0.05885495008680091
3, 3, 1, fdbscan_dynamic_noncore, 0.75, 10, 10, , 20, 8, 0.29851388931274414, 2.4345436096191406, 9000, 0.0049673788702965585, 0.09797880338384236
3, 3, 1, fdbscan_dynamic_noncore, 0.75, 10, 10, , 20, 9, 0.3901503086090088, 2.8246939182281494, 10000, 0.007709312118819274, 0.10722492873383066
3, 3, 1, fdbscan_dynamic_noncore, 0.75, 10, 10, , 20, 10, 0.3205993175506592, 3.1452932357788086, 11000, 0.008659670534342169, 0.11142483461830505
3, 3, 1, fdbscan_dynamic_noncore, 0.75, 10, 10, , 20, 11, 0.3336148262023926, 3.478908061981201, 12000, 0.012782791751671893, 0.1216307826519904
3, 3, 1, fdbscan_dynamic_noncore, 0.75, 10, 10, , 20, 12, 0.42934322357177734, 3.9082512855529785, 13000, 0.013002009577268318, 0.1223916055138047
3, 3, 1, fdbscan_dynamic_noncore, 0.75, 10, 10, , 20, 13, 0.35708022117614746, 4.265331506729126, 14000, 0.014773921985189335, 0.12947597732911792
3, 3, 1, fdbscan_dynamic_noncore, 0.75, 10, 10, , 20, 14, 0.4613373279571533, 4.726668834686279, 15000, 0.015134605314983271, 0.13098459498187187
3, 3, 1, fdbscan_dynamic_noncore, 0.75, 10, 10, , 20, 15, 0.37908482551574707, 5.105753660202026, 16000, 0.015802883660061967, 0.13392985162925633
3, 3, 1, fdbscan_dynamic_noncore, 0.75, 10, 10, , 20, 16, 0.39382100105285645, 5.499574661254883, 17000, 0.016141297757438545, 0.13534509271716802
3, 3, 1, fdbscan_dynamic_noncore, 0.75, 10, 10, , 20, 17, 0.5013179779052734, 6.000892639160156, 18000, 0.018575061102575067, 0.1441024347456993
3, 3, 1, fdbscan_dynamic_noncore, 0.75, 10, 10, , 20, 18, 0.4146273136138916, 6.415519952774048, 19000, 0.019844600130754026, 0.1493291267500029
3, 3, 1, fdbscan_dynamic_noncore, 0.75, 10, 10, , 20, 19, 0.42910027503967285, 6.844620227813721, 20000, 0.02192215570606364, 0.15845009101589438
3, 3, 1, fdbscan_dynamic_noncore, 0.75, 10, 10, , 20, 20, 0.5398962497711182, 7.384516477584839, 21000, 0.022182331654995974, 0.15922463688022256
3, 3, 1, fdbscan_dynamic_noncore, 0.75, 10, 10, , 20, 21, 0.19904446601867676, 7.583560943603516, 22000, 0.021894427603420464, 0.15838933248972129
3, 3, 1, fdbscan_dynamic_noncore, 0.75, 10, 10, , 20, 22, 0.1980447769165039, 7.7816057205200195, 23000, 0.02237044059219245, 0.16006950799257777
3, 3, 1, fdbscan_dynamic_noncore, 0.75, 10, 10, , 20, 23, 0.20304608345031738, 7.984651803970337, 24000, 0.0223760781831999, 0.16003680875516224
3, 3, 1, fdbscan_dynamic_noncore, 0.75, 10, 10, , 20, 24, 0.20158791542053223, 8.18623971939087, 25000, 0.022139494041101382, 0.15888116168407057
3, 3, 1, fdbscan_dynamic_noncore, 0.75, 10, 10, , 20, 25, 0.199751615524292, 8.385991334915161, 26000, 0.022202418791792064, 0.1592388522196357
3, 3, 1, fdbscan_dynamic_noncore, 0.75, 10, 10, , 20, 26, 0.20204591751098633, 8.588037252426147, 27000, 0.02200336142724144, 0.158204293531581
3, 3, 1, fdbscan_dynamic_noncore, 0.75, 10, 10, , 20, 27, 0.31688809394836426, 8.904925346374512, 28000, 0.021831945098436605, 0.1572715110700843
3, 3, 1, fdbscan_dynamic_noncore, 0.75, 10, 10, , 20, 28, 0.20259475708007812, 9.10752010345459, 29000, 0.021719094988462008, 0.1566748866855942
3, 3, 1, fdbscan_dynamic_noncore, 0.75, 10, 10, , 20, 29, 0.20304608345031738, 9.310566186904907, 30000, 0.021599709434578892, 0.15640972940083117
3, 3, 1, fdbscan_dynamic_noncore, 0.75, 10, 10, , 20, 30, 0.20204567909240723, 9.512611865997314, 31000, 0.021683060318647446, 0.15686640648728895
3, 3, 1, fdbscan_dynamic_noncore, 0.75, 10, 10, , 20, 31, 0.20204544067382812, 9.714657306671143, 32000, 0.02174152208290247, 0.1571202246419414
3, 3, 1, fdbscan_dynamic_noncore, 0.75, 10, 10, , 20, 32, 0.2025773525238037, 9.917234659194946, 33000, 0.021924407695745326, 0.15761631168380028
3, 3, 1, fdbscan_dynamic_noncore, 0.75, 10, 10, , 20, 33, 0.20304584503173828, 10.120280504226685, 34000, 0.02186434871082737, 0.15723132512286103
3, 3, 1, fdbscan_dynamic_noncore, 0.75, 10, 10, , 20, 34, 0.20204877853393555, 10.32232928276062, 35000, 0.02192590537498982, 0.15762739625097685
3, 3, 1, fdbscan_dynamic_noncore, 0.75, 10, 10, , 20, 35, 0.20268011093139648, 10.525009393692017, 36000, 0.021882314530078807, 0.1574009440366446
3, 3, 1, fdbscan_dynamic_noncore, 0.75, 10, 10, , 20, 36, 0.20425105094909668, 10.729260444641113, 37000, 0.0218141375029759, 0.15694355646003147
3, 3, 1, fdbscan_dynamic_noncore, 0.75, 10, 10, , 20, 37, 0.204573392868042, 10.933833837509155, 38000, 0.02182022009795213, 0.15658904131661533
3, 3, 1, fdbscan_dynamic_noncore, 0.75, 10, 10, , 20, 38, 0.2050459384918213, 11.138879776000977, 39000, 0.021902715303415747, 0.1569946547146488
3, 3, 1, fdbscan_dynamic_noncore, 0.75, 10, 10, , 20, 39, 0.20404624938964844, 11.342926025390625, 40000, 0.021937363454258382, 0.15733639786651427
3, 3, 1, fdbscan_dynamic_noncore, 0.75, 10, 10, , 20, 40, 0.34160733222961426, 11.68453335762024, 41000, 0.021898268268568638, 0.1570398479441575
3, 3, 1, fdbscan_dynamic_noncore, 0.75, 10, 10, , 20, 41, 0.2062549591064453, 11.890788316726685, 42000, 0.021753537234767625, 0.1563384700767891
3, 3, 1, fdbscan_dynamic_noncore, 0.75, 10, 10, , 20, 42, 0.20604634284973145, 12.096834659576416, 43000, 0.02178395455087786, 0.15632231893635165
3, 3, 1, fdbscan_dynamic_noncore, 0.75, 10, 10, , 20, 43, 0.2070465087890625, 12.303881168365479, 44000, 0.0219046470285528, 0.15663081139904406
3, 3, 1, fdbscan_dynamic_noncore, 0.75, 10, 10, , 20, 44, 0.20557498931884766, 12.509456157684326, 45000, 0.021876016372878462, 0.15653138073635106
3, 3, 1, fdbscan_dynamic_noncore, 0.75, 10, 10, , 20, 45, 0.20538330078125, 12.714839458465576, 46000, 0.021898670293167638, 0.15659458476322102
3, 3, 1, fdbscan_dynamic_noncore, 0.75, 10, 10, , 20, 46, 0.20804667472839355, 12.92288613319397, 47000, 0.021869850720449207, 0.1563032561945209
3, 3, 1, fdbscan_dynamic_noncore, 0.75, 10, 10, , 20, 47, 0.21525955200195312, 13.138145685195923, 48000, 0.021935430989996854, 0.1564376190043063
3, 3, 1, fdbscan_dynamic_noncore, 0.75, 10, 10, , 20, 48, 0.20857477188110352, 13.346720457077026, 49000, 0.02184972346933772, 0.15604673832449364
3, 3, 1, fdbscan_dynamic_noncore, 0.75, 10, 10, , 20, 49, 0.2070460319519043, 13.55376648902893, 50000, 0.021890285141179366, 0.15610101507232743
3, 3, 1, fdbscan_dynamic_noncore, 0.75, 10, 10, , 20, 50, 0.20805072784423828, 13.761817216873169, 51000, 0.021863934283666373, 0.15603525296469126
3, 3, 1, fdbscan_dynamic_noncore, 0.75, 10, 10, , 20, 51, 0.20804691314697266, 13.969864130020142, 52000, 0.021941130897708296, 0.1562003470220757
3, 3, 1, fdbscan_dynamic_noncore, 0.75, 10, 10, , 20, 52, 0.20780420303344727, 14.177668333053589, 53000, 0.02205004765986627, 0.15655279775791117
3, 3, 1, fdbscan_dynamic_noncore, 0.75, 10, 10, , 20, 53, 0.2090468406677246, 14.386715173721313, 54000, 0.022102184866205816, 0.15674493779259246
3, 3, 1, fdbscan_dynamic_noncore, 0.75, 10, 10, , 20, 54, 0.20951175689697266, 14.596226930618286, 55000, 0.022174969710253706, 0.15715965935684115
3, 3, 1, fdbscan_dynamic_noncore, 0.75, 10, 10, , 20, 55, 0.20947623252868652, 14.805703163146973, 56000, 0.022119912671941383, 0.1569940354660606
3, 3, 1, fdbscan_dynamic_noncore, 0.75, 10, 10, , 20, 56, 0.21057820320129395, 15.016281366348267, 57000, 0.022074137492506647, 0.15660546110720724
3, 3, 1, fdbscan_dynamic_noncore, 0.75, 10, 10, , 20, 57, 0.3811054229736328, 15.3973867893219, 58000, 0.022086449292538224, 0.15661771499946892
3, 3, 1, fdbscan_dynamic_noncore, 0.75, 10, 10, , 20, 58, 0.21104764938354492, 15.608434438705444, 59000, 0.022094802531514822, 0.1567370262423813
3, 3, 1, fdbscan_dynamic_noncore, 0.75, 10, 10, , 20, 59, 0.21259212493896484, 15.82102656364441, 60000, 0.02202858631173791, 0.15635557116460083
3, 3, 1, fdbscan_dynamic_noncore, 0.75, 10, 10, , 20, 60, 0.21104741096496582, 16.032073974609375, 61000, 0.021955576522229684, 0.1561782573883592
3, 3, 1, fdbscan_dynamic_noncore, 0.75, 10, 10, , 20, 61, 0.21204733848571777, 16.244121313095093, 62000, 0.02195497678148495, 0.15611419968133092
3, 3, 1, fdbscan_dynamic_noncore, 0.75, 10, 10, , 20, 62, 0.21104788780212402, 16.455169200897217, 63000, 0.02210024142366458, 0.15661047514697726
3, 3, 1, fdbscan_dynamic_noncore, 0.75, 10, 10, , 20, 63, 0.21204781532287598, 16.667217016220093, 64000, 0.022071851052448212, 0.15658699795452674
3, 3, 1, fdbscan_dynamic_noncore, 0.75, 10, 10, , 20, 64, 0.21371173858642578, 16.88092875480652, 65000, 0.022146371214774092, 0.1567286786918086
3, 3, 1, fdbscan_dynamic_noncore, 0.75, 10, 10, , 20, 65, 0.21204805374145508, 17.092976808547974, 66000, 0.022084116156107596, 0.156537538002987
3, 3, 1, fdbscan_dynamic_noncore, 0.75, 10, 10, , 20, 66, 0.21377325057983398, 17.306750059127808, 67000, 0.022048989936389023, 0.15639988345537298
3, 3, 1, fdbscan_dynamic_noncore, 0.75, 10, 10, , 20, 67, 0.2140483856201172, 17.520798444747925, 68000, 0.02202640873816805, 0.15635452449436896
3, 3, 1, fdbscan_dynamic_noncore, 0.75, 10, 10, , 20, 68, 0.2140483856201172, 17.734846830368042, 69000, 0.022074716126185206, 0.15644153844552203
3, 3, 1, fdbscan_dynamic_noncore, 0.75, 10, 10, , 20, 69, 0.21304798126220703, 17.94789481163025, 70000, 0.02201644409437876, 0.1563442861737252
4, 4, 1, sklearn_dynamic, 0.75, 10, , , , 0, 0.0050008296966552734, 0.0050008296966552734, 1000, 0.0, 0.0
4, 4, 1, sklearn_dynamic, 0.75, 10, , , , 1, 0.007001399993896484, 0.012002229690551758, 2000, 0.0, 0.0
4, 4, 1, sklearn_dynamic, 0.75, 10, , , , 2, 0.01200246810913086, 0.024004697799682617, 3000, 0.0, 0.0
4, 4, 1, sklearn_dynamic, 0.75, 10, , , , 3, 0.01600360870361328, 0.0400083065032959, 4000, 0.0, 0.0
4, 4, 1, sklearn_dynamic, 0.75, 10, , , , 4, 0.02189922332763672, 0.06190752983093262, 5000, 0.0, 0.0
4, 4, 1, sklearn_dynamic, 0.75, 10, , , , 5, 0.027006149291992188, 0.0889136791229248, 6000, 0.0, 0.0
4, 4, 1, sklearn_dynamic, 0.75, 10, , , , 6, 0.03200674057006836, 0.12092041969299316, 7000, 0.0, 0.0
4, 4, 1, sklearn_dynamic, 0.75, 10, , , , 7, 0.0400087833404541, 0.16092920303344727, 8000, -8.526097376231084e-05, 0.0023289100767890174
4, 4, 1, sklearn_dynamic, 0.75, 10, , , , 8, 0.04600977897644043, 0.2069389820098877, 9000, -0.00020248317712023606, 0.007068506577930012
4, 4, 1, sklearn_dynamic, 0.75, 10, , , , 9, 0.05601215362548828, 0.262951135635376, 10000, -0.00025439464445165135, 0.007985990012468474
4, 4, 1, sklearn_dynamic, 0.75, 10, , , , 10, 0.0690150260925293, 0.3319661617279053, 11000, -0.000320208790981775, 0.010968319586906564
4, 4, 1, sklearn_dynamic, 0.75, 10, , , , 11, 0.07701730728149414, 0.4089834690093994, 12000, -0.000370905939544484, 0.014551456215823102
4, 4, 1, sklearn_dynamic, 0.75, 10, , , , 12, 0.0890204906463623, 0.4980039596557617, 13000, -0.0003866451254601513, 0.017721507268462992
4, 4, 1, sklearn_dynamic, 0.75, 10, , , , 13, 0.10502314567565918, 0.6030271053314209, 14000, -0.00041829687292223907, 0.0238494496653435
4, 4, 1, sklearn_dynamic, 0.75, 10, , , , 14, 0.11402511596679688, 0.7170522212982178, 15000, -0.0004363522252074177, 0.029075511015162533
4, 4, 1, sklearn_dynamic, 0.75, 10, , , , 15, 0.1316075325012207, 0.8486597537994385, 16000, -0.00040837550927077577, 0.03764918706959513
4, 4, 1, sklearn_dynamic, 0.75, 10, , , , 16, 0.14803290367126465, 0.9966926574707031, 17000, -0.00038208670368051914, 0.03867010554171493
4, 4, 1, sklearn_dynamic, 0.75, 10, , , , 17, 0.1600356101989746, 1.1567282676696777, 18000, -0.00019799353098894694, 0.04250928659242864
4, 4, 1, sklearn_dynamic, 0.75, 10, , , , 18, 0.1800401210784912, 1.336768388748169, 19000, -7.7346052512813e-05, 0.04979792242816673
4, 4, 1, sklearn_dynamic, 0.75, 10, , , , 19, 0.19504356384277344, 1.5318119525909424, 20000, 0.00016197175331806733, 0.0516224592587301
4, 4, 1, sklearn_dynamic, 0.75, 10, , , , 20, 0.21158432960510254, 1.743396282196045, 21000, 0.0003114319788880407, 0.05381186248913786
4, 4, 1, sklearn_dynamic, 0.75, 10, , , , 21, 0.229050874710083, 1.972447156906128, 22000, 0.00048357537767965315, 0.05753982498337165
4, 4, 1, sklearn_dynamic, 0.75, 10, , , , 22, 0.24605536460876465, 2.2185025215148926, 23000, 0.0006617020657407287, 0.06073359870142392
4, 4, 1, sklearn_dynamic, 0.75, 10, , , , 23, 0.26605939865112305, 2.4845619201660156, 24000, 0.0008309373047424054, 0.0638452802190603
4, 4, 1, sklearn_dynamic, 0.75, 10, , , , 24, 0.2925896644592285, 2.777151584625244, 25000, 0.0012175665242646944, 0.06857430467840685
4, 4, 1, sklearn_dynamic, 0.75, 10, , , , 25, 0.30806899070739746, 3.0852205753326416, 26000, 0.0014310566547352612, 0.07203439516877753
4, 4, 1, sklearn_dynamic, 0.75, 10, , , , 26, 0.33707618713378906, 3.4222967624664307, 27000, 0.0028264438933886396, 0.07536961938156986
4, 4, 1, sklearn_dynamic, 0.75, 10, , , , 27, 0.36208152770996094, 3.7843782901763916, 28000, 0.003428780794416943, 0.07977206880467355
4, 4, 1, sklearn_dynamic, 0.75, 10, , , , 28, 0.3773517608642578, 4.161730051040649, 29000, 0.004378568334709093, 0.08180476381458389
4, 4, 1, sklearn_dynamic, 0.75, 10, , , , 29, 0.4066154956817627, 4.568345546722412, 30000, 0.004507572681094523, 0.08309024166142924
4, 4, 1, sklearn_dynamic, 0.75, 10, , , , 30, 0.4430997371673584, 5.0114452838897705, 31000, 0.005361236460316902, 0.08707675168969368
4, 4, 1, sklearn_dynamic, 0.75, 10, , , , 31, 0.46319007873535156, 5.474635362625122, 32000, 0.005834471679032307, 0.09052367583216113
4, 4, 1, sklearn_dynamic, 0.75, 10, , , , 32, 0.4941115379333496, 5.968746900558472, 33000, 0.006302938592974726, 0.09287085804015903
4, 4, 1, sklearn_dynamic, 0.75, 10, , , , 33, 0.5256381034851074, 6.494385004043579, 34000, 0.00741993251706072, 0.09663843161493738
4, 4, 1, sklearn_dynamic, 0.75, 10, , , , 34, 0.5445175170898438, 7.038902521133423, 35000, 0.008080935916529895, 0.10005025872185902
4, 4, 1, sklearn_dynamic, 0.75, 10, , , , 35, 0.5788283348083496, 7.6177308559417725, 36000, 0.008262344631512646, 0.10086223093060377
4, 4, 1, sklearn_dynamic, 0.75, 10, , , , 36, 0.6081373691558838, 8.225868225097656, 37000, 0.008630980763686017, 0.1025083057938193
4, 4, 1, sklearn_dynamic, 0.75, 10, , , , 37, 0.6341421604156494, 8.860010385513306, 38000, 0.008856920013133132, 0.10309977441988662
4, 4, 1, sklearn_dynamic, 0.75, 10, , , , 38, 0.6787021160125732, 9.538712501525879, 39000, 0.009292934300714486, 0.10541722319584923
4, 4, 1, sklearn_dynamic, 0.75, 10, , , , 39, 0.7295932769775391, 10.268305778503418, 40000, 0.00958658621086212, 0.10718859489404271
4, 4, 1, sklearn_dynamic, 0.75, 10, , , , 40, 0.7449581623077393, 11.013263940811157, 41000, 0.009733872599022765, 0.1076716931047565
4, 4, 1, sklearn_dynamic, 0.75, 10, , , , 41, 0.7852721214294434, 11.7985360622406, 42000, 0.009814781771568875, 0.10789679302205363
4, 4, 1, sklearn_dynamic, 0.75, 10, , , , 42, 0.8007903099060059, 12.599326372146606, 43000, 0.010257771980782988, 0.11005952795820181
4, 4, 1, sklearn_dynamic, 0.75, 10, , , , 43, 0.8506026268005371, 13.449928998947144, 44000, 0.010638100535106072, 0.11185590121658132
4, 4, 1, sklearn_dynamic, 0.75, 10, , , , 44, 0.895941972732544, 14.345870971679688, 45000, 0.010864023077268517, 0.11285093250764965
4, 4, 1, sklearn_dynamic, 0.75, 10, , , , 45, 0.9164893627166748, 15.262360334396362, 46000, 0.011250408919754313, 0.11454959590201577
4, 4, 1, sklearn_dynamic, 0.75, 10, , , , 46, 1.040729284286499, 16.30308961868286, 47000, 0.011692561264599723, 0.11653108324245535
4, 4, 1, sklearn_dynamic, 0.75, 10, , , , 47, 1.0179710388183594, 17.32106065750122, 48000, 0.012077160005636101, 0.11808402015042797
4, 4, 1, sklearn_dynamic, 0.75, 10, , , , 48, 1.041534662246704, 18.362595319747925, 49000, 0.012236838620926116, 0.11866334863577656
4, 4, 1, sklearn_dynamic, 0.75, 10, , , , 49, 1.0917086601257324, 19.454303979873657, 50000, 0.012551377922052132, 0.1199116190016376
4, 4, 1, sklearn_dynamic, 0.75, 10, , , , 50, 1.1456530094146729, 20.59995698928833, 51000, 0.012657200619425223, 0.12051235973912701
4, 4, 1, sklearn_dynamic, 0.75, 10, , , , 51, 1.1836621761322021, 21.783619165420532, 52000, 0.01313123809384501, 0.12262366922988958
4, 4, 1, sklearn_dynamic, 0.75, 10, , , , 52, 1.2218797206878662, 23.0054988861084, 53000, 0.013494880747321233, 0.12415141979696807
4, 4, 1, sklearn_dynamic, 0.75, 10, , , , 53, 1.2598528861999512, 24.26535177230835, 54000, 0.013715934787466178, 0.1251622304966766
4, 4, 1, sklearn_dynamic, 0.75, 10, , , , 54, 1.3108563423156738, 25.576208114624023, 55000, 0.013965461913315222, 0.12636609425484976
4, 4, 1, sklearn_dynamic, 0.75, 10, , , , 55, 1.3760859966278076, 26.95229411125183, 56000, 0.014094008772973763, 0.12687372591420792
4, 4, 1, sklearn_dynamic, 0.75, 10, , , , 56, 1.4158415794372559, 28.368135690689087, 57000, 0.014414961793275935, 0.12796157756592239
4, 4, 1, sklearn_dynamic, 0.75, 10, , , , 57, 1.4449427127838135, 29.8130784034729, 58000, 0.014696097671127646, 0.1291387218337591
4, 4, 1, sklearn_dynamic, 0.75, 10, , , , 58, 1.51615571975708, 31.32923412322998, 59000, 0.014876470191613858, 0.13008573043125393
4, 4, 1, sklearn_dynamic, 0.75, 10, , , , 59, 1.6219124794006348, 32.951146602630615, 60000, 0.015042844079986803, 0.13057732743294811
4, 4, 1, sklearn_dynamic, 0.75, 10, , , , 60, 1.5979323387145996, 34.549078941345215, 61000, 0.015175587891384082, 0.13121343102641572
4, 4, 1, sklearn_dynamic, 0.75, 10, , , , 61, 1.662003755569458, 36.21108269691467, 62000, 0.015229365053693154, 0.1314513353282689
4, 4, 1, sklearn_dynamic, 0.75, 10, , , , 62, 1.7319309711456299, 37.9430136680603, 63000, 0.015571960695556806, 0.13263641894023506
4, 4, 1, sklearn_dynamic, 0.75, 10, , , , 63, 1.76106858253479, 39.70408225059509, 64000, 0.015688437768881854, 0.13316821878189702
4, 4, 1, sklearn_dynamic, 0.75, 10, , , , 64, 1.8206143379211426, 41.524696588516235, 65000, 0.015995657523375246, 0.13416029248199676
4, 4, 1, sklearn_dynamic, 0.75, 10, , , , 65, 1.8569278717041016, 43.38162446022034, 66000, 0.016520912620936263, 0.1353544205920584
4, 4, 1, sklearn_dynamic, 0.75, 10, , , , 66, 1.9475040435791016, 45.32912850379944, 67000, 0.016619613307924858, 0.13573138861026612
4, 4, 1, sklearn_dynamic, 0.75, 10, , , , 67, 1.9943957328796387, 47.32352423667908, 68000, 0.016800893502460088, 0.13651523015814035
4, 4, 1, sklearn_dynamic, 0.75, 10, , , , 68, 2.024092674255371, 49.34761691093445, 69000, 0.017012246933228104, 0.1371046553664719
4, 4, 1, sklearn_dynamic, 0.75, 10, , , , 69, 2.0960781574249268, 51.443695068359375, 70000, 0.017142437233240403, 0.1377384138673247
5, 5, 1, Ada_dynamic_dbscan, 0.75186, 10, 12, 20, , 0, 0.11002540588378906, 0.11002540588378906, 1000, 0.0, 0.0
5, 5, 1, Ada_dynamic_dbscan, 0.75186, 10, 12, 20, , 1, 0.10802435874938965, 0.2180497646331787, 2000, 0.0, 0.0
5, 5, 1, Ada_dynamic_dbscan, 0.75186, 10, 12, 20, , 2, 0.11602592468261719, 0.3340756893157959, 3000, -0.00016629960573856363, 0.05768239251416884
5, 5, 1, Ada_dynamic_dbscan, 0.75186, 10, 12, 20, , 3, 0.11302471160888672, 0.4471004009246826, 4000, 0.0009557505056169148, 0.06568302755617074
5, 5, 1, Ada_dynamic_dbscan, 0.75186, 10, 12, 20, , 4, 0.12328386306762695, 0.5703842639923096, 5000, 0.003004331113644591, 0.0944693073075522
5, 5, 1, Ada_dynamic_dbscan, 0.75186, 10, 12, 20, , 5, 0.21404814720153809, 0.7844324111938477, 6000, 0.007727834475613189, 0.13079172565786168
5, 5, 1, Ada_dynamic_dbscan, 0.75186, 10, 12, 20, , 6, 0.12558746337890625, 0.9100198745727539, 7000, 0.017399232105432868, 0.14324335139894434
5, 5, 1, Ada_dynamic_dbscan, 0.75186, 10, 12, 20, , 7, 0.13503003120422363, 1.0450499057769775, 8000, 0.02330070904590363, 0.16129821945826112
5, 5, 1, Ada_dynamic_dbscan, 0.75186, 10, 12, 20, , 8, 0.13503026962280273, 1.1800801753997803, 9000, 0.02053418673439427, 0.16402888191630527
5, 5, 1, Ada_dynamic_dbscan, 0.75186, 10, 12, 20, , 9, 0.14103174209594727, 1.3211119174957275, 10000, 0.028147239756006304, 0.17759333239831226
5, 5, 1, Ada_dynamic_dbscan, 0.75186, 10, 12, 20, , 10, 0.23071599006652832, 1.5518279075622559, 11000, 0.029253705735520785, 0.17950669268522496
5, 5, 1, Ada_dynamic_dbscan, 0.75186, 10, 12, 20, , 11, 0.1470332145690918, 1.6988611221313477, 12000, 0.030861026312295637, 0.18424050991607216
5, 5, 1, Ada_dynamic_dbscan, 0.75186, 10, 12, 20, , 12, 0.13656902313232422, 1.8354301452636719, 13000, 0.03152534029303756, 0.18641870134841093
5, 5, 1, Ada_dynamic_dbscan, 0.75186, 10, 12, 20, , 13, 0.1380307674407959, 1.9734609127044678, 14000, 0.03217087296001893, 0.18749502385865682
5, 5, 1, Ada_dynamic_dbscan, 0.75186, 10, 12, 20, , 14, 0.14303207397460938, 2.116492986679077, 15000, 0.03239590422416259, 0.18785104358548954
5, 5, 1, Ada_dynamic_dbscan, 0.75186, 10, 12, 20, , 15, 0.14303183555603027, 2.2595248222351074, 16000, 0.0333164313103027, 0.19095804455247667
5, 5, 1, Ada_dynamic_dbscan, 0.75186, 10, 12, 20, , 16, 0.27506184577941895, 2.5345866680145264, 17000, 0.034788694883075226, 0.19676527810745548
5, 5, 1, Ada_dynamic_dbscan, 0.75186, 10, 12, 20, , 17, 0.14803290367126465, 2.682619571685791, 18000, 0.035117958851434504, 0.19867178212512338
5, 5, 1, Ada_dynamic_dbscan, 0.75186, 10, 12, 20, , 18, 0.15956521034240723, 2.8421847820281982, 19000, 0.036572376717992086, 0.20404888966118748
5, 5, 1, Ada_dynamic_dbscan, 0.75186, 10, 12, 20, , 19, 0.15303373336791992, 2.995218515396118, 20000, 0.03876953640365619, 0.21099356509592337
5, 5, 1, Ada_dynamic_dbscan, 0.75186, 10, 12, 20, , 20, 0.15303421020507812, 3.1482527256011963, 21000, 0.03909757351807613, 0.21154718427171
5, 5, 1, Ada_dynamic_dbscan, 0.75186, 10, 12, 20, , 21, 0.1600358486175537, 3.30828857421875, 22000, 0.03935025110563474, 0.21308459818675365
5, 5, 1, Ada_dynamic_dbscan, 0.75186, 10, 12, 20, , 22, 0.1600360870361328, 3.468324661254883, 23000, 0.04053893541841294, 0.21692466710638017
5, 5, 1, Ada_dynamic_dbscan, 0.75186, 10, 12, 20, , 23, 0.15962886810302734, 3.62795352935791, 24000, 0.04113066370938567, 0.2182167851078637
5, 5, 1, Ada_dynamic_dbscan, 0.75186, 10, 12, 20, , 24, 0.3030683994293213, 3.9310219287872314, 25000, 0.04103010557853834, 0.21858090914838477
5, 5, 1, Ada_dynamic_dbscan, 0.75186, 10, 12, 20, , 25, 0.1690378189086914, 4.100059747695923, 26000, 0.04197135035193425, 0.22156956308173623
5, 5, 1, Ada_dynamic_dbscan, 0.75186, 10, 12, 20, , 26, 0.16103625297546387, 4.261096000671387, 27000, 0.04209189754898794, 0.22253473752743422
5, 5, 1, Ada_dynamic_dbscan, 0.75186, 10, 12, 20, , 27, 0.16303634643554688, 4.424132347106934, 28000, 0.04246342400553181, 0.2235432738268224
5, 5, 1, Ada_dynamic_dbscan, 0.75186, 10, 12, 20, , 28, 0.15656447410583496, 4.5806968212127686, 29000, 0.04223770055376994, 0.22236199717587332
5, 5, 1, Ada_dynamic_dbscan, 0.75186, 10, 12, 20, , 29, 0.17803955078125, 4.7587363719940186, 30000, 0.042647304553434594, 0.2236013192326157
5, 5, 1, Ada_dynamic_dbscan, 0.75186, 10, 12, 20, , 30, 0.19104623794555664, 4.949782609939575, 31000, 0.04299059972737344, 0.22623886633465645
5, 5, 1, Ada_dynamic_dbscan, 0.75186, 10, 12, 20, , 31, 0.17303895950317383, 5.122821569442749, 32000, 0.04338058892694157, 0.22728502231125094
5, 5, 1, Ada_dynamic_dbscan, 0.75186, 10, 12, 20, , 32, 0.17703962326049805, 5.299861192703247, 33000, 0.043732858525779704, 0.2283637955133563
5, 5, 1, Ada_dynamic_dbscan, 0.75186, 10, 12, 20, , 33, 0.17351746559143066, 5.473378658294678, 34000, 0.043762181147173194, 0.22838840212857675
5, 5, 1, Ada_dynamic_dbscan, 0.75186, 10, 12, 20, , 34, 0.363081693649292, 5.83646035194397, 35000, 0.04431033543847566, 0.23020873047422383
5, 5, 1, Ada_dynamic_dbscan, 0.75186, 10, 12, 20, , 35, 0.17834806442260742, 6.014808416366577, 36000, 0.044515106394643233, 0.23105520849923245
5, 5, 1, Ada_dynamic_dbscan, 0.75186, 10, 12, 20, , 36, 0.17957115173339844, 6.194379568099976, 37000, 0.044367940091363994, 0.23051152555181106
5, 5, 1, Ada_dynamic_dbscan, 0.75186, 10, 12, 20, , 37, 0.18204069137573242, 6.376420259475708, 38000, 0.04420202383276373, 0.22980858837359772
5, 5, 1, Ada_dynamic_dbscan, 0.75186, 10, 12, 20, , 38, 0.18604254722595215, 6.56246280670166, 39000, 0.04447546208021965, 0.2304395675896204
5, 5, 1, Ada_dynamic_dbscan, 0.75186, 10, 12, 20, , 39, 0.19390130043029785, 6.756364107131958, 40000, 0.044740022816752816, 0.23130179176853877
5, 5, 1, Ada_dynamic_dbscan, 0.75186, 10, 12, 20, , 40, 0.18013548851013184, 6.93649959564209, 41000, 0.044651068999283006, 0.23120946435068435
5, 5, 1, Ada_dynamic_dbscan, 0.75186, 10, 12, 20, , 41, 0.19034481048583984, 7.12684440612793, 42000, 0.044939899681687656, 0.23229072930190617
5, 5, 1, Ada_dynamic_dbscan, 0.75186, 10, 12, 20, , 42, 0.19204282760620117, 7.318887233734131, 43000, 0.045196176036209554, 0.23319520847237438
5, 5, 1, Ada_dynamic_dbscan, 0.75186, 10, 12, 20, , 43, 0.18804240226745605, 7.506929636001587, 44000, 0.04519394522368874, 0.2334926920443623
5, 5, 1, Ada_dynamic_dbscan, 0.75186, 10, 12, 20, , 44, 0.19104313850402832, 7.697972774505615, 45000, 0.04530427045475458, 0.23416494883107217
5, 5, 1, Ada_dynamic_dbscan, 0.75186, 10, 12, 20, , 45, 0.2127828598022461, 7.910755634307861, 46000, 0.04533861908675521, 0.23464978375776077
5, 5, 1, Ada_dynamic_dbscan, 0.75186, 10, 12, 20, , 46, 0.43735623359680176, 8.348111867904663, 47000, 0.045373832092891773, 0.23536872417049132
5, 5, 1, Ada_dynamic_dbscan, 0.75186, 10, 12, 20, , 47, 0.21204781532287598, 8.560159683227539, 48000, 0.04541491510756142, 0.23548934764723664
5, 5, 1, Ada_dynamic_dbscan, 0.75186, 10, 12, 20, , 48, 0.21660161018371582, 8.776761293411255, 49000, 0.045356427737595115, 0.23554908132986427
5, 5, 1, Ada_dynamic_dbscan, 0.75186, 10, 12, 20, , 49, 0.20804691314697266, 8.984808206558228, 50000, 0.045339025289183585, 0.23589911528539617
5, 5, 1, Ada_dynamic_dbscan, 0.75186, 10, 12, 20, , 50, 0.20304584503173828, 9.187854051589966, 51000, 0.04531716171848812, 0.2358507447591105
5, 5, 1, Ada_dynamic_dbscan, 0.75186, 10, 12, 20, , 51, 0.20580601692199707, 9.393660068511963, 52000, 0.04553795840791599, 0.23709328691880782
5, 5, 1, Ada_dynamic_dbscan, 0.75186, 10, 12, 20, , 52, 0.19958877563476562, 9.593248844146729, 53000, 0.045573491038483335, 0.23736122957931888
5, 5, 1, Ada_dynamic_dbscan, 0.75186, 10, 12, 20, , 53, 0.2070462703704834, 9.800295114517212, 54000, 0.04556497218255538, 0.23738064376592652
5, 5, 1, Ada_dynamic_dbscan, 0.75186, 10, 12, 20, , 54, 0.23205232620239258, 10.032347440719604, 55000, 0.04576474112301191, 0.23807284519398658
5, 5, 1, Ada_dynamic_dbscan, 0.75186, 10, 12, 20, , 55, 0.2050464153289795, 10.237393856048584, 56000, 0.046008917223567466, 0.2389810999509306
5, 5, 1, Ada_dynamic_dbscan, 0.75186, 10, 12, 20, , 56, 0.21988821029663086, 10.457282066345215, 57000, 0.04620914087589022, 0.24022973523771834
5, 5, 1, Ada_dynamic_dbscan, 0.75186, 10, 12, 20, , 57, 0.21104788780212402, 10.668329954147339, 58000, 0.04638066470704259, 0.2410000874158366
5, 5, 1, Ada_dynamic_dbscan, 0.75186, 10, 12, 20, , 58, 0.22404980659484863, 10.892379760742188, 59000, 0.046639371794201544, 0.24197451247825313
5, 5, 1, Ada_dynamic_dbscan, 0.75186, 10, 12, 20, , 59, 0.21557855606079102, 11.107958316802979, 60000, 0.04674942340517901, 0.2423774454978613
5, 5, 1, Ada_dynamic_dbscan, 0.75186, 10, 12, 20, , 60, 0.22605085372924805, 11.334009170532227, 61000, 0.0467838727743565, 0.24263764853782177
5, 5, 1, Ada_dynamic_dbscan, 0.75186, 10, 12, 20, , 61, 0.23390603065490723, 11.567915201187134, 62000, 0.04681226488189042, 0.24312238361274258
5, 5, 1, Ada_dynamic_dbscan, 0.75186, 10, 12, 20, , 62, 0.48796749114990234, 12.055882692337036, 63000, 0.04688067123842689, 0.24372134787224636
5, 5, 1, Ada_dynamic_dbscan, 0.75186, 10, 12, 20, , 63, 0.22605085372924805, 12.281933546066284, 64000, 0.04699839255447166, 0.24472775376139266
5, 5, 1, Ada_dynamic_dbscan, 0.75186, 10, 12, 20, , 64, 0.23005151748657227, 12.511985063552856, 65000, 0.04698957460569954, 0.24472705050254323
5, 5, 1, Ada_dynamic_dbscan, 0.75186, 10, 12, 20, , 65, 0.24259638786315918, 12.754581451416016, 66000, 0.04710810377958627, 0.24513488750609608
5, 5, 1, Ada_dynamic_dbscan, 0.75186, 10, 12, 20, , 66, 0.23005223274230957, 12.984633684158325, 67000, 0.0473090340129127, 0.24629145104666234
5, 5, 1, Ada_dynamic_dbscan, 0.75186, 10, 12, 20, , 67, 0.23192286491394043, 13.216556549072266, 68000, 0.04752992760164894, 0.24682353499734946
5, 5, 1, Ada_dynamic_dbscan, 0.75186, 10, 12, 20, , 68, 0.2549014091491699, 13.471457958221436, 69000, 0.047500479707053074, 0.24665378541461788
5, 5, 1, Ada_dynamic_dbscan, 0.75186, 10, 12, 20, , 69, 0.24221301078796387, 13.7136709690094, 70000, 0.04769668680149153, 0.24713479014540254
6, 1, 2, dynamic_dbscan, 0.75, 10, 10, 20, , 0, 0.09308099746704102, 0.09308099746704102, 1000, 0.0, 0.0
6, 1, 2, dynamic_dbscan, 0.75, 10, 10, 20, , 1, 0.09207439422607422, 0.18515539169311523, 2000, 0.0, 0.0
6, 1, 2, dynamic_dbscan, 0.75, 10, 10, 20, , 2, 0.09599089622497559, 0.2811462879180908, 3000, -0.0008335796929547089, 0.034309850909832504
6, 1, 2, dynamic_dbscan, 0.75, 10, 10, 20, , 3, 0.09702181816101074, 0.37816810607910156, 4000, 2.8005811022651766e-06, 0.06162301733371733
6, 1, 2, dynamic_dbscan, 0.75, 10, 10, 20, , 4, 0.09555935859680176, 0.4737274646759033, 5000, 0.00011991315213081962, 0.06601240392936956
6, 1, 2, dynamic_dbscan, 0.75, 10, 10, 20, , 5, 0.09902310371398926, 0.5727505683898926, 6000, 0.0008145410559832974, 0.0722463916608316
6, 1, 2, dynamic_dbscan, 0.75, 10, 10, 20, , 6, 0.10713887214660645, 0.679889440536499, 7000, 0.004168063278090839, 0.09686852404685449
6, 1, 2, dynamic_dbscan, 0.75, 10, 10, 20, , 7, 0.11602592468261719, 0.7959153652191162, 8000, 0.01344079105374351, 0.1302320954743573
6, 1, 2, dynamic_dbscan, 0.75, 10, 10, 20, , 8, 0.11502575874328613, 0.9109411239624023, 9000, 0.016677007277458397, 0.14209485256053042
6, 1, 2, dynamic_dbscan, 0.75, 10, 10, 20, , 9, 0.11432123184204102, 1.0252623558044434, 10000, 0.02006054560037344, 0.15194165650327887
6, 1, 2, dynamic_dbscan, 0.75, 10, 10, 20, , 10, 0.12080097198486328, 1.1460633277893066, 11000, 0.022005412841617146, 0.15880701284326432
6, 1, 2, dynamic_dbscan, 0.75, 10, 10, 20, , 11, 0.1290287971496582, 1.2750921249389648, 12000, 0.023889721387156733, 0.16389614531960162
6, 1, 2, dynamic_dbscan, 0.75, 10, 10, 20, , 12, 0.12356758117675781, 1.3986597061157227, 13000, 0.026440411823438294, 0.17160214998123274
6, 1, 2, dynamic_dbscan, 0.75, 10, 10, 20, , 13, 0.26605939865112305, 1.6647191047668457, 14000, 0.027464384521453458, 0.17498459309753336
6, 1, 2, dynamic_dbscan, 0.75, 10, 10, 20, , 14, 0.12802886962890625, 1.792747974395752, 15000, 0.029656351970278404, 0.18143165084357915
6, 1, 2, dynamic_dbscan, 0.75, 10, 10, 20, , 15, 0.12602829933166504, 1.918776273727417, 16000, 0.03080822684518201, 0.18433008838135478
6, 1, 2, dynamic_dbscan, 0.75, 10, 10, 20, , 16, 0.1276698112487793, 2.0464460849761963, 17000, 0.03256506537573786, 0.19125140442675861
6, 1, 2, dynamic_dbscan, 0.75, 10, 10, 20, , 17, 0.1270284652709961, 2.1734745502471924, 18000, 0.03328626350121641, 0.19156251845590638
6, 1, 2, dynamic_dbscan, 0.75, 10, 10, 20, , 18, 0.13356232643127441, 2.307036876678467, 19000, 0.03497989841440888, 0.19642285200917786
6, 1, 2, dynamic_dbscan, 0.75, 10, 10, 20, , 19, 0.1270289421081543, 2.434065818786621, 20000, 0.0354512031639354, 0.19789113814752624
6, 1, 2, dynamic_dbscan, 0.75, 10, 10, 20, , 20, 0.27706241607666016, 2.7111282348632812, 21000, 0.03686573880470738, 0.20212787086178277
6, 1, 2, dynamic_dbscan, 0.75, 10, 10, 20, , 21, 0.13703060150146484, 2.848158836364746, 22000, 0.037601896238845155, 0.20568727767340442
6, 1, 2, dynamic_dbscan, 0.75, 10, 10, 20, , 22, 0.1490330696105957, 2.997191905975342, 23000, 0.038630883892345515, 0.20834859926576657
6, 1, 2, dynamic_dbscan, 0.75, 10, 10, 20, , 23, 0.14303207397460938, 3.140223979949951, 24000, 0.0395317390145423, 0.21290564984151159
6, 1, 2, dynamic_dbscan, 0.75, 10, 10, 20, , 24, 0.14256572723388672, 3.282789707183838, 25000, 0.039339265845615194, 0.21252627942896227
6, 1, 2, dynamic_dbscan, 0.75, 10, 10, 20, , 25, 0.14325571060180664, 3.4260454177856445, 26000, 0.0400335005887657, 0.21480859814587305
6, 1, 2, dynamic_dbscan, 0.75, 10, 10, 20, , 26, 0.14603233337402344, 3.572077751159668, 27000, 0.04011907871661083, 0.2159098227386021
6, 1, 2, dynamic_dbscan, 0.75, 10, 10, 20, , 27, 0.14203166961669922, 3.714109420776367, 28000, 0.04037482189449272, 0.21714029089651965
6, 1, 2, dynamic_dbscan, 0.75, 10, 10, 20, , 28, 0.14403247833251953, 3.8581418991088867, 29000, 0.04073009394242049, 0.21741136245173628
6, 1, 2, dynamic_dbscan, 0.75, 10, 10, 20, , 29, 0.1531519889831543, 4.011293888092041, 30000, 0.041308101010253874, 0.21929164284329875
6, 1, 2, dynamic_dbscan, 0.75, 10, 10, 20, , 30, 0.32408595085144043, 4.3353798389434814, 31000, 0.042062002523108925, 0.2217204858457746
6, 1, 2, dynamic_dbscan, 0.75, 10, 10, 20, , 31, 0.15256190299987793, 4.487941741943359, 32000, 0.04234872634121214, 0.2223755662897008
6, 1, 2, dynamic_dbscan, 0.75, 10, 10, 20, , 32, 0.1557905673980713, 4.643732309341431, 33000, 0.04282546404486233, 0.22355799374833063
6, 1, 2, dynamic_dbscan, 0.75, 10, 10, 20, , 33, 0.15303540229797363, 4.796767711639404, 34000, 0.04299253797377398, 0.2248255839814476
6, 1, 2, dynamic_dbscan, 0.75, 10, 10, 20, , 34, 0.15957188606262207, 4.956339597702026, 35000, 0.043277265428001276, 0.22583429866662513
6, 1, 2, dynamic_dbscan, 0.75, 10, 10, 20, , 35, 0.1580355167388916, 5.114375114440918, 36000, 0.04329488774056581, 0.22578908366557815
6, 1, 2, dynamic_dbscan, 0.75, 10, 10, 20, , 36, 0.1560354232788086, 5.270410537719727, 37000, 0.04311474323163034, 0.22545555115632163
6, 1, 2, dynamic_dbscan, 0.75, 10, 10, 20, , 37, 0.16103625297546387, 5.43144679069519, 38000, 0.04306541432236097, 0.22510042604913583
6, 1, 2, dynamic_dbscan, 0.75, 10, 10, 20, , 38, 0.17213726043701172, 5.603584051132202, 39000, 0.0435157416664048, 0.2263066786876923
6, 1, 2, dynamic_dbscan, 0.75, 10, 10, 20, , 39, 0.17051410675048828, 5.77409815788269, 40000, 0.04380703711412334, 0.2269792959565852
6, 1, 2, dynamic_dbscan, 0.75, 10, 10, 20, , 40, 0.1690378189086914, 5.943135976791382, 41000, 0.04395786020790032, 0.2274745299098616
6, 1, 2, dynamic_dbscan, 0.75, 10, 10, 20, , 41, 0.37099170684814453, 6.314127683639526, 42000, 0.044005040677868125, 0.22768265426598921
6, 1, 2, dynamic_dbscan, 0.75, 10, 10, 20, , 42, 0.1670377254486084, 6.481165409088135, 43000, 0.044053750657506066, 0.22810125108507787
6, 1, 2, dynamic_dbscan, 0.75, 10, 10, 20, , 43, 0.1755690574645996, 6.656734466552734, 44000, 0.04402965207896022, 0.2282120833479625
6, 1, 2, dynamic_dbscan, 0.75, 10, 10, 20, , 44, 0.1772465705871582, 6.833981037139893, 45000, 0.04433907769222736, 0.2294352329894183
6, 1, 2, dynamic_dbscan, 0.75, 10, 10, 20, , 45, 0.19376564025878906, 7.027746677398682, 46000, 0.044420506952225075, 0.22973510874415365
6, 1, 2, dynamic_dbscan, 0.75, 10, 10, 20, , 46, 0.1883392333984375, 7.216085910797119, 47000, 0.044701118590358545, 0.23075569376086266
6, 1, 2, dynamic_dbscan, 0.75, 10, 10, 20, , 47, 0.18862032890319824, 7.404706239700317, 48000, 0.0447148338589236, 0.23093706867881836
6, 1, 2, dynamic_dbscan, 0.75, 10, 10, 20, , 48, 0.1870417594909668, 7.591747999191284, 49000, 0.044686922267711475, 0.23110884127516665
6, 1, 2, dynamic_dbscan, 0.75, 10, 10, 20, , 49, 0.17303848266601562, 7.7647864818573, 50000, 0.04462817757155251, 0.23081561029474246
6, 1, 2, dynamic_dbscan, 0.75, 10, 10, 20, , 50, 0.18724608421325684, 7.952032566070557, 51000, 0.044541202511862533, 0.23048857816511828
6, 1, 2, dynamic_dbscan, 0.75, 10, 10, 20, , 51, 0.18857359886169434, 8.140606164932251, 52000, 0.04471560931394793, 0.23106109791850454
6, 1, 2, dynamic_dbscan, 0.75, 10, 10, 20, , 52, 0.18104052543640137, 8.321646690368652, 53000, 0.044879847129656196, 0.23151578489661784
6, 1, 2, dynamic_dbscan, 0.75, 10, 10, 20, , 53, 0.189042329788208, 8.51068902015686, 54000, 0.04483869076025113, 0.23147376806114084
6, 1, 2, dynamic_dbscan, 0.75, 10, 10, 20, , 54, 0.1780397891998291, 8.68872880935669, 55000, 0.04492662148245307, 0.23188808997826493
6, 1, 2, dynamic_dbscan, 0.75, 10, 10, 20, , 55, 0.18744969367980957, 8.876178503036499, 56000, 0.04522276282290969, 0.2330765037610869
6, 1, 2, dynamic_dbscan, 0.75, 10, 10, 20, , 56, 0.4358038902282715, 9.31198239326477, 57000, 0.045198809624217656, 0.23284218524832884
6, 1, 2, dynamic_dbscan, 0.75, 10, 10, 20, , 57, 0.19547796249389648, 9.507460355758667, 58000, 0.04534133944675026, 0.23337412924617615
6, 1, 2, dynamic_dbscan, 0.75, 10, 10, 20, , 58, 0.1870417594909668, 9.694502115249634, 59000, 0.045500798926614995, 0.2338700959219736
6, 1, 2, dynamic_dbscan, 0.75, 10, 10, 20, , 59, 0.21104741096496582, 9.9055495262146, 60000, 0.0455336045801879, 0.2341150829462016
6, 1, 2, dynamic_dbscan, 0.75, 10, 10, 20, , 60, 0.20043277740478516, 10.105982303619385, 61000, 0.04555753857523345, 0.23413729645352882
6, 1, 2, dynamic_dbscan, 0.75, 10, 10, 20, , 61, 0.20504546165466309, 10.311027765274048, 62000, 0.04555299681997835, 0.23439854358136447
6, 1, 2, dynamic_dbscan, 0.75, 10, 10, 20, , 62, 0.19508647918701172, 10.50611424446106, 63000, 0.04564322629208305, 0.23453713485621636
6, 1, 2, dynamic_dbscan, 0.75, 10, 10, 20, , 63, 0.20307517051696777, 10.709189414978027, 64000, 0.04572272524099967, 0.23499560652828788
6, 1, 2, dynamic_dbscan, 0.75, 10, 10, 20, , 64, 0.21134591102600098, 10.920535326004028, 65000, 0.04577382583118254, 0.23528903999882947
6, 1, 2, dynamic_dbscan, 0.75, 10, 10, 20, , 65, 0.20204567909240723, 11.122581005096436, 66000, 0.04600396002724029, 0.23582037612036502
6, 1, 2, dynamic_dbscan, 0.75, 10, 10, 20, , 66, 0.21908926963806152, 11.341670274734497, 67000, 0.04608151625251051, 0.23681726070727277
6, 1, 2, dynamic_dbscan, 0.75, 10, 10, 20, , 67, 0.20804667472839355, 11.54971694946289, 68000, 0.04619051334780304, 0.2372403634005764
6, 1, 2, dynamic_dbscan, 0.75, 10, 10, 20, , 68, 0.22305059432983398, 11.772767543792725, 69000, 0.046150966417001386, 0.23691827061605403
6, 1, 2, dynamic_dbscan, 0.75, 10, 10, 20, , 69, 0.22805094718933105, 12.000818490982056, 70000, 0.04627004217480529, 0.2371386985409315
7, 2, 2, fdbscan_dynamic_naive, 0.75, 10, 10, , , 0, 0.22036147117614746, 0.22036147117614746, 1000, 0.0, 0.0
7, 2, 2, fdbscan_dynamic_naive, 0.75, 10, 10, , , 1, 0.22202444076538086, 0.4423859119415283, 2000, 0.0, 0.0
7, 2, 2, fdbscan_dynamic_naive, 0.75, 10, 10, , , 2, 0.23367857933044434, 0.6760644912719727, 3000, 0.0, 0.0
7, 2, 2, fdbscan_dynamic_naive, 0.75, 10, 10, , , 3, 0.24458622932434082, 0.9206507205963135, 4000, 0.0, 0.0
7, 2, 2, fdbscan_dynamic_naive, 0.75, 10, 10, , , 4, 0.3767712116241455, 1.297421932220459, 5000, -0.0005433650680438236, 0.016838161749830917
7, 2, 2, fdbscan_dynamic_naive, 0.75, 10, 10, , , 5, 0.2777140140533447, 1.5751359462738037, 6000, -0.00038490990844759234, 0.023994289083086442
7, 2, 2, fdbscan_dynamic_naive, 0.75, 10, 10, , , 6, 0.28214001655578613, 1.8572759628295898, 7000, -0.00017050607997605124, 0.0388406639623428
7, 2, 2, fdbscan_dynamic_naive, 0.75, 10, 10, , , 7, 0.296231746673584, 2.153507709503174, 8000, 0.0003092454073756265, 0.060308789560800415
7, 2, 2, fdbscan_dynamic_naive, 0.75, 10, 10, , , 8, 0.39324164390563965, 2.5467493534088135, 9000, 0.0046511034049331905, 0.10060174365769477
7, 2, 2, fdbscan_dynamic_naive, 0.75, 10, 10, , , 9, 0.31415510177612305, 2.8609044551849365, 10000, 0.00786438126419574, 0.11189015922822414
7, 2, 2, fdbscan_dynamic_naive, 0.75, 10, 10, , , 10, 0.32562875747680664, 3.186533212661743, 11000, 0.008909230270029267, 0.1153099340695572
7, 2, 2, fdbscan_dynamic_naive, 0.75, 10, 10, , , 11, 0.4351801872253418, 3.621713399887085, 12000, 0.010800786465991431, 0.1221121108264329
7, 2, 2, fdbscan_dynamic_naive, 0.75, 10, 10, , , 12, 0.35315489768981934, 3.9748682975769043, 13000, 0.011008494829487615, 0.12178060693345935
7, 2, 2, fdbscan_dynamic_naive, 0.75, 10, 10, , , 13, 0.3576653003692627, 4.332533597946167, 14000, 0.012615463455115489, 0.13004654959192744
7, 2, 2, fdbscan_dynamic_naive, 0.75, 10, 10, , , 14, 0.46622514724731445, 4.7987587451934814, 15000, 0.012845945147660015, 0.1307281173039214
7, 2, 2, fdbscan_dynamic_naive, 0.75, 10, 10, , , 15, 0.3845674991607666, 5.183326244354248, 16000, 0.013825676931795086, 0.13476678846583975
7, 2, 2, fdbscan_dynamic_naive, 0.75, 10, 10, , , 16, 0.49247169494628906, 5.675797939300537, 17000, 0.01398927138489453, 0.1369944566033474
7, 2, 2, fdbscan_dynamic_naive, 0.75, 10, 10, , , 17, 0.4358677864074707, 6.111665725708008, 18000, 0.01841546918504978, 0.1453835211110752
7, 2, 2, fdbscan_dynamic_naive, 0.75, 10, 10, , , 18, 0.4197266101837158, 6.531392335891724, 19000, 0.021029311194556546, 0.15309519162149882
7, 2, 2, fdbscan_dynamic_naive, 0.75, 10, 10, , , 19, 0.5330908298492432, 7.064483165740967, 20000, 0.023784883458753757, 0.16472179045366123
7, 2, 2, fdbscan_dynamic_naive, 0.75, 10, 10, , , 20, 0.4526042938232422, 7.517087459564209, 21000, 0.024552011069140563, 0.16754378412127444
7, 2, 2, fdbscan_dynamic_naive, 0.75, 10, 10, , , 21, 0.6126499176025391, 8.129737377166748, 22000, 0.02577375820023512, 0.1721513410333542
7, 2, 2, fdbscan_dynamic_naive, 0.75, 10, 10, , , 22, 0.46863722801208496, 8.598374605178833, 23000, 0.02631581671714729, 0.17606978129536116
7, 2, 2, fdbscan_dynamic_naive, 0.75, 10, 10, , , 23, 0.602135419845581, 9.200510025024414, 24000, 0.026919038723662327, 0.1773504906759014
7, 2, 2, fdbscan_dynamic_naive, 0.75, 10, 10, , , 24, 0.5006413459777832, 9.701151371002197, 25000, 0.02674606416502259, 0.17655509093119862
7, 2, 2, fdbscan_dynamic_naive, 0.75, 10, 10, , , 25, 0.6264488697052002, 10.327600240707397, 26000, 0.02772691980156561, 0.17999311587158967
7, 2, 2, fdbscan_dynamic_naive, 0.75, 10, 10, , , 26, 0.5334963798522949, 10.861096620559692, 27000, 0.027549405784148343, 0.17929789243802732
7, 2, 2, fdbscan_dynamic_naive, 0.75, 10, 10, , , 27, 0.6543567180633545, 11.515453338623047, 28000, 0.029747525542215554, 0.18621859939016502
7, 2, 2, fdbscan_dynamic_naive, 0.75, 10, 10, , , 28, 0.5493757724761963, 12.064829111099243, 29000, 0.02981622057095171, 0.18634908781605508
7, 2, 2, fdbscan_dynamic_naive, 0.75, 10, 10, , , 29, 0.5576267242431641, 12.622455835342407, 30000, 0.030634042012286648, 0.18906402655562943
7, 2, 2, fdbscan_dynamic_naive, 0.75, 10, 10, , , 30, 0.6899347305297852, 13.312390565872192, 31000, 0.030921688437104806, 0.19010737462497448
7, 2, 2, fdbscan_dynamic_naive, 0.75, 10, 10, , , 31, 0.7076277732849121, 14.020018339157104, 32000, 0.031099836412054816, 0.19061317835786568
7, 2, 2, fdbscan_dynamic_naive, 0.75, 10, 10, , , 32, 0.5966286659240723, 14.616647005081177, 33000, 0.031371759704263064, 0.19133668288958644
7, 2, 2, fdbscan_dynamic_naive, 0.75, 10, 10, , , 33, 0.7393734455108643, 15.356020450592041, 34000, 0.031523813025723095, 0.1918029337932714
7, 2, 2, fdbscan_dynamic_naive, 0.75, 10, 10, , , 34, 0.6186120510101318, 15.974632501602173, 35000, 0.03178685376792158, 0.1929528013153416
7, 2, 2, fdbscan_dynamic_naive, 0.75, 10, 10, , , 35, 0.7715215682983398, 16.746154069900513, 36000, 0.031770472891753825, 0.19281139521516444
7, 2, 2, fdbscan_dynamic_naive, 0.75, 10, 10, , , 36, 0.6456120014190674, 17.39176607131958, 37000, 0.03170664145753963, 0.19255524357769574
7, 2, 2, fdbscan_dynamic_naive, 0.75, 10, 10, , , 37, 0.8011550903320312, 18.19292116165161, 38000, 0.03190820250625487, 0.19279476750038235
7, 2, 2, fdbscan_dynamic_naive, 0.75, 10, 10, , , 38, 0.6723737716674805, 18.865294933319092, 39000, 0.03428381488621782, 0.1977682794150947
7, 2, 2, fdbscan_dynamic_naive, 0.75, 10, 10, , , 39, 0.8122966289520264, 19.677591562271118, 40000, 0.03445049794804347, 0.19829495739115977
7, 2, 2, fdbscan_dynamic_naive, 0.75, 10, 10, , , 40, 0.7043204307556152, 20.381911993026733, 41000, 0.0344018231394051, 0.19796520704943082
7, 2, 2, fdbscan_dynamic_naive, 0.75, 10, 10, , , 41, 0.8564143180847168, 21.23832631111145, 42000, 0.034699115718892094, 0.19875472737782282
7, 2, 2, fdbscan_dynamic_naive, 0.75, 10, 10, , , 42, 0.7156920433044434, 21.954018354415894, 43000, 0.03490106319585415, 0.19927738747924567
7, 2, 2, fdbscan_dynamic_naive, 0.75, 10, 10, , , 43, 0.8839826583862305, 22.838001012802124, 44000, 0.03509184977097954, 0.1998943818382267
7, 2, 2, fdbscan_dynamic_naive, 0.75, 10, 10, , , 44, 0.7481074333190918, 23.586108446121216, 45000, 0.03515559688839822, 0.2001262481962197
7, 2, 2, fdbscan_dynamic_naive, 0.75, 10, 10, , , 45, 0.9148757457733154, 24.50098419189453, 46000, 0.03554176495417549, 0.20082927813470747
7, 2, 2, fdbscan_dynamic_naive, 0.75, 10, 10, , , 46, 0.784869909286499, 25.28585410118103, 47000, 0.03575863646114114, 0.2014703530431703
7, 2, 2, fdbscan_dynamic_naive, 0.75, 10, 10, , , 47, 0.9500007629394531, 26.235854864120483, 48000, 0.03581497146108414, 0.20163148583240303
7, 2, 2, fdbscan_dynamic_naive, 0.75, 10, 10, , , 48, 0.798983097076416, 27.0348379611969, 49000, 0.03603172717644467, 0.20230811194164458
7, 2, 2, fdbscan_dynamic_naive, 0.75, 10, 10, , , 49, 0.9691219329833984, 28.003959894180298, 50000, 0.036181441585780384, 0.20268456790967085
7, 2, 2, fdbscan_dynamic_naive, 0.75, 10, 10, , , 50, 0.827028751373291, 28.83098864555359, 51000, 0.03637578260142937, 0.20314918653417371
7, 2, 2, fdbscan_dynamic_naive, 0.75, 10, 10, , , 51, 0.9927582740783691, 29.823746919631958, 52000, 0.036563063248748015, 0.20372578863958735
7, 2, 2, fdbscan_dynamic_naive, 0.75, 10, 10, , , 52, 1.0318176746368408, 30.8555645942688, 53000, 0.036733803004806706, 0.20425970544098493
7, 2, 2, fdbscan_dynamic_naive, 0.75, 10, 10, , , 53, 0.8768482208251953, 31.732412815093994, 54000, 0.03704700527167292, 0.20525145522340993
7, 2, 2, fdbscan_dynamic_naive, 0.75, 10, 10, , , 54, 1.0551011562347412, 32.787513971328735, 55000, 0.03733237335220488, 0.2061715654566179
7, 2, 2, fdbscan_dynamic_naive, 0.75, 10, 10, , , 55, 0.9040889739990234, 33.69160294532776, 56000, 0.0376151759648344, 0.20747019255946791
7, 2, 2, fdbscan_dynamic_naive, 0.75, 10, 10, , , 56, 1.085064172744751, 34.77666711807251, 57000, 0.037746545088740056, 0.2076787174013562
7, 2, 2, fdbscan_dynamic_naive, 0.75, 10, 10, , , 57, 0.9286768436431885, 35.7053439617157, 58000, 0.03789016295003444, 0.2079227398961925
7, 2, 2, fdbscan_dynamic_naive, 0.75, 10, 10, , , 58, 1.1219072341918945, 36.82725119590759, 59000, 0.03804928729575468, 0.20845419692049924
7, 2, 2, fdbscan_dynamic_naive, 0.75, 10, 10, , , 59, 1.131591796875, 37.95884299278259, 60000, 0.03820625395983986, 0.20934788687940747
7, 2, 2, fdbscan_dynamic_naive, 0.75, 10, 10, , , 60, 0.9705159664154053, 38.929358959198, 61000, 0.03841010021490198, 0.2106214318390908
7, 2, 2, fdbscan_dynamic_naive, 0.75, 10, 10, , , 61, 1.1643269062042236, 40.09368586540222, 62000, 0.03853466425429402, 0.2110973446346719
7, 2, 2, fdbscan_dynamic_naive, 0.75, 10, 10, , , 62, 0.9992597103118896, 41.09294557571411, 63000, 0.038764091367054214, 0.2118435384618395
7, 2, 2, fdbscan_dynamic_naive, 0.75, 10, 10, , , 63, 1.1901404857635498, 42.28308606147766, 64000, 0.0389062359857787, 0.21239569625148147
7, 2, 2, fdbscan_dynamic_naive, 0.75, 10, 10, , , 64, 1.2130961418151855, 43.49618220329285, 65000, 0.03906913295612524, 0.21281337590878646
7, 2, 2, fdbscan_dynamic_naive, 0.75, 10, 10, , , 65, 1.0473601818084717, 44.54354238510132, 66000, 0.03961548262759241, 0.21445352508161886
7, 2, 2, fdbscan_dynamic_naive, 0.75, 10, 10, , , 66, 1.2502970695495605, 45.79383945465088, 67000, 0.03978149360945569, 0.21479757000393127
7, 2, 2, fdbscan_dynamic_naive, 0.75, 10, 10, , , 67, 1.0744619369506836, 46.86830139160156, 68000, 0.03996865229208366, 0.2153478195891219
7, 2, 2, fdbscan_dynamic_naive, 0.75, 10, 10, , , 68, 1.2733118534088135, 48.141613245010376, 69000, 0.039954114510855274, 0.21526664799487708
7, 2, 2, fdbscan_dynamic_naive, 0.75, 10, 10, , , 69, 1.0958657264709473, 49.23747897148132, 70000, 0.0399832746216839, 0.21515707801163753
8, 3, 2, fdbscan_dynamic_noncore, 0.75, 10, 10, , 20, 0, 0.21618127822875977, 0.21618127822875977, 1000, 0.0, 0.0
8, 3, 2, fdbscan_dynamic_noncore, 0.75, 10, 10, , 20, 1, 0.2951393127441406, 0.5113205909729004, 2000, 0.0, 0.0
8, 3, 2, fdbscan_dynamic_noncore, 0.75, 10, 10, , 20, 2, 0.23560523986816406, 0.7469258308410645, 3000, 0.0, 0.0
8, 3, 2, fdbscan_dynamic_noncore, 0.75, 10, 10, , 20, 3, 0.2512638568878174, 0.9981896877288818, 4000, 0.0, 0.0
8, 3, 2, fdbscan_dynamic_noncore, 0.75, 10, 10, , 20, 4, 0.26747632026672363, 1.2656660079956055, 5000, -0.0005230579374268994, 0.017591775049982925
8, 3, 2, fdbscan_dynamic_noncore, 0.75, 10, 10, , 20, 5, 0.2705647945404053, 1.5362308025360107, 6000, -0.0003644697444157364, 0.023706992839024894
8, 3, 2, fdbscan_dynamic_noncore, 0.75, 10, 10, , 20, 6, 0.36369967460632324, 1.899930477142334, 7000, -0.0001615604547005951, 0.039923674736931765
8, 3, 2, fdbscan_dynamic_noncore, 0.75, 10, 10, , 20, 7, 0.2925584316253662, 2.1924889087677, 8000, 0.00034653184912892344, 0.059200295335168504
8, 3, 2, fdbscan_dynamic_noncore, 0.75, 10, 10, , 20, 8, 0.3051779270172119, 2.497666835784912, 9000, 0.006799293328376436, 0.10153611514384267
8, 3, 2, fdbscan_dynamic_noncore, 0.75, 10, 10, , 20, 9, 0.4111158847808838, 2.908782720565796, 10000, 0.00839918535902316, 0.1130693646661347
8, 3, 2, fdbscan_dynamic_noncore, 0.75, 10, 10, , 20, 10, 0.3340749740600586, 3.2428576946258545, 11000, 0.009185623416469585, 0.11636887430780611
8, 3, 2, fdbscan_dynamic_noncore, 0.75, 10, 10, , 20, 11, 0.3438236713409424, 3.586681365966797, 12000, 0.013676973146187587, 0.12582157140657524
8, 3, 2, fdbscan_dynamic_noncore, 0.75, 10, 10, , 20, 12, 0.44345736503601074, 4.030138731002808, 13000, 0.01357999070700165, 0.12564534746905495
8, 3, 2, fdbscan_dynamic_noncore, 0.75, 10, 10, , 20, 13, 0.3650825023651123, 4.39522123336792, 14000, 0.015512412427969668, 0.13296035606496226
8, 3, 2, fdbscan_dynamic_noncore, 0.75, 10, 10, , 20, 14, 0.38364505767822266, 4.778866291046143, 15000, 0.01596389004906566, 0.13482524807112353
8, 3, 2, fdbscan_dynamic_noncore, 0.75, 10, 10, , 20, 15, 0.47986865043640137, 5.258734941482544, 16000, 0.017166359061467875, 0.13976022402001748
8, 3, 2, fdbscan_dynamic_noncore, 0.75, 10, 10, , 20, 16, 0.4010899066925049, 5.659824848175049, 17000, 0.01752201557137813, 0.1409518095824273
8, 3, 2, fdbscan_dynamic_noncore, 0.75, 10, 10, , 20, 17, 0.41062211990356445, 6.070446968078613, 18000, 0.019498697454497123, 0.14777100784725003
8, 3, 2, fdbscan_dynamic_noncore, 0.75, 10, 10, , 20, 18, 0.5129508972167969, 6.58339786529541, 19000, 0.021444069397188615, 0.15465007987973642
8, 3, 2, fdbscan_dynamic_noncore, 0.75, 10, 10, , 20, 19, 0.43062615394592285, 7.014024019241333, 20000, 0.02387791868576823, 0.1652222264907597
8, 3, 2, fdbscan_dynamic_noncore, 0.75, 10, 10, , 20, 20, 0.5525972843170166, 7.56662130355835, 21000, 0.024654572059347433, 0.16791765089153426
8, 3, 2, fdbscan_dynamic_noncore, 0.75, 10, 10, , 20, 21, 0.20079374313354492, 7.7674150466918945, 22000, 0.02441492082349188, 0.16728727533876964
8, 3, 2, fdbscan_dynamic_noncore, 0.75, 10, 10, , 20, 22, 0.1980438232421875, 7.965458869934082, 23000, 0.024663925884131712, 0.16817830158788893
8, 3, 2, fdbscan_dynamic_noncore, 0.75, 10, 10, , 20, 23, 0.2050461769104004, 8.170505046844482, 24000, 0.024589059528534133, 0.16801139857284225
8, 3, 2, fdbscan_dynamic_noncore, 0.75, 10, 10, , 20, 24, 0.20004534721374512, 8.370550394058228, 25000, 0.02430510261777289, 0.16673080279633967
8, 3, 2, fdbscan_dynamic_noncore, 0.75, 10, 10, , 20, 25, 0.19857311248779297, 8.56912350654602, 26000, 0.024397281033121086, 0.16714548274742255
8, 3, 2, fdbscan_dynamic_noncore, 0.75, 10, 10, , 20, 26, 0.20104527473449707, 8.770168781280518, 27000, 0.024222446857598747, 0.16625937750992498
8, 3, 2, fdbscan_dynamic_noncore, 0.75, 10, 10, , 20, 27, 0.20204567909240723, 8.972214460372925, 28000, 0.024162716900615985, 0.16580082427854348
8, 3, 2, fdbscan_dynamic_noncore, 0.75, 10, 10, , 20, 28, 0.3210723400115967, 9.293286800384521, 29000, 0.0240203095833712, 0.16508739818417534
8, 3, 2, fdbscan_dynamic_noncore, 0.75, 10, 10, , 20, 29, 0.2000265121459961, 9.493313312530518, 30000, 0.02402955660985895, 0.16529806264746683
8, 3, 2, fdbscan_dynamic_noncore, 0.75, 10, 10, , 20, 30, 0.20104527473449707, 9.694358587265015, 31000, 0.024094354358851898, 0.16568574139505374
8, 3, 2, fdbscan_dynamic_noncore, 0.75, 10, 10, , 20, 31, 0.2010490894317627, 9.895407676696777, 32000, 0.024157017595940522, 0.16595379519557998
8, 3, 2, fdbscan_dynamic_noncore, 0.75, 10, 10, , 20, 32, 0.20304584503173828, 10.098453521728516, 33000, 0.024165579745633475, 0.165837269112889
8, 3, 2, fdbscan_dynamic_noncore, 0.75, 10, 10, , 20, 33, 0.20228910446166992, 10.300742626190186, 34000, 0.024109141414200008, 0.16568917786785414
8, 3, 2, fdbscan_dynamic_noncore, 0.75, 10, 10, , 20, 34, 0.20204544067382812, 10.502788066864014, 35000, 0.024170026892083665, 0.16603810043821804
8, 3, 2, fdbscan_dynamic_noncore, 0.75, 10, 10, , 20, 35, 0.20404577255249023, 10.706833839416504, 36000, 0.024000193705669796, 0.1653755499006867
8, 3, 2, fdbscan_dynamic_noncore, 0.75, 10, 10, , 20, 36, 0.20533227920532227, 10.912166118621826, 37000, 0.02391680503500871, 0.1649017795790243
8, 3, 2, fdbscan_dynamic_noncore, 0.75, 10, 10, , 20, 37, 0.20604634284973145, 11.118212461471558, 38000, 0.02394904612087597, 0.16457963714075613
8, 3, 2, fdbscan_dynamic_noncore, 0.75, 10, 10, , 20, 38, 0.20404601097106934, 11.322258472442627, 39000, 0.023961711729424573, 0.16471126547484768
8, 3, 2, fdbscan_dynamic_noncore, 0.75, 10, 10, , 20, 39, 0.20404577255249023, 11.526304244995117, 40000, 0.02401646745744884, 0.1650432742539434
8, 3, 2, fdbscan_dynamic_noncore, 0.75, 10, 10, , 20, 40, 0.20495080947875977, 11.731255054473877, 41000, 0.02398333062880127, 0.16476413864685968
8, 3, 2, fdbscan_dynamic_noncore, 0.75, 10, 10, , 20, 41, 0.3480515480041504, 12.079306602478027, 42000, 0.0238818866611562, 0.16438751327177448
8, 3, 2, fdbscan_dynamic_noncore, 0.75, 10, 10, , 20, 42, 0.20646977424621582, 12.285776376724243, 43000, 0.02393694073763378, 0.16447026266953071
8, 3, 2, fdbscan_dynamic_noncore, 0.75, 10, 10, , 20, 43, 0.20604658126831055, 12.491822957992554, 44000, 0.02401319530074184, 0.16460753551592783
8, 3, 2, fdbscan_dynamic_noncore, 0.75, 10, 10, , 20, 44, 0.20685696601867676, 12.69867992401123, 45000, 0.02396626795811465, 0.16443472448240623
8, 3, 2, fdbscan_dynamic_noncore, 0.75, 10, 10, , 20, 45, 0.20558404922485352, 12.904263973236084, 46000, 0.023935400097745398, 0.16427886170847522
8, 3, 2, fdbscan_dynamic_noncore, 0.75, 10, 10, , 20, 46, 0.2070467472076416, 13.111310720443726, 47000, 0.023920683436422566, 0.16402457288780298
8, 3, 2, fdbscan_dynamic_noncore, 0.75, 10, 10, , 20, 47, 0.21104764938354492, 13.32235836982727, 48000, 0.024004622736396034, 0.1642101973469144
8, 3, 2, fdbscan_dynamic_noncore, 0.75, 10, 10, , 20, 48, 0.21304821968078613, 13.535406589508057, 49000, 0.023871084687647006, 0.1636946988387415
8, 3, 2, fdbscan_dynamic_noncore, 0.75, 10, 10, , 20, 49, 0.20827221870422363, 13.74367880821228, 50000, 0.023900368785668664, 0.1637011587138826
8, 3, 2, fdbscan_dynamic_noncore, 0.75, 10, 10, , 20, 50, 0.2090473175048828, 13.952726125717163, 51000, 0.023915428255642416, 0.16376685170156322
8, 3, 2, fdbscan_dynamic_noncore, 0.75, 10, 10, , 20, 51, 0.20804667472839355, 14.160772800445557, 52000, 0.02400410741793822, 0.16398500209249514
8, 3, 2, fdbscan_dynamic_noncore, 0.75, 10, 10, , 20, 52, 0.2180488109588623, 14.378821611404419, 53000, 0.024118660181570675, 0.1643368565017208
8, 3, 2, fdbscan_dynamic_noncore, 0.75, 10, 10, , 20, 53, 0.2075948715209961, 14.586416482925415, 54000, 0.024141673628788902, 0.16446401738863584
8, 3, 2, fdbscan_dynamic_noncore, 0.75, 10, 10, , 20, 54, 0.2092607021331787, 14.795677185058594, 55000, 0.024187104171586437, 0.16477007057052
8, 3, 2, fdbscan_dynamic_noncore, 0.75, 10, 10, , 20, 55, 0.20838427543640137, 15.004061460494995, 56000, 0.024073350558682274, 0.1643793690494161
8, 3, 2, fdbscan_dynamic_noncore, 0.75, 10, 10, , 20, 56, 0.21104741096496582, 15.215108871459961, 57000, 0.023989714681729515, 0.16386614874966635
8, 3, 2, fdbscan_dynamic_noncore, 0.75, 10, 10, , 20, 57, 0.21004724502563477, 15.425156116485596, 58000, 0.02393813660966212, 0.163623494945903
8, 3, 2, fdbscan_dynamic_noncore, 0.75, 10, 10, , 20, 58, 0.3850867748260498, 15.810242891311646, 59000, 0.02394494479804799, 0.16370469491295092
8, 3, 2, fdbscan_dynamic_noncore, 0.75, 10, 10, , 20, 59, 0.21204805374145508, 16.0222909450531, 60000, 0.02392078358952223, 0.16348369525590595
8, 3, 2, fdbscan_dynamic_noncore, 0.75, 10, 10, , 20, 60, 0.21104836463928223, 16.233339309692383, 61000, 0.023824530428722502, 0.16321634416902464
8, 3, 2, fdbscan_dynamic_noncore, 0.75, 10, 10, , 20, 61, 0.21105074882507324, 16.444390058517456, 62000, 0.023822425805745177, 0.16321618917431227
8, 3, 2, fdbscan_dynamic_noncore, 0.75, 10, 10, , 20, 62, 0.21131682395935059, 16.655706882476807, 63000, 0.02392701932472712, 0.16356825893421398
8, 3, 2, fdbscan_dynamic_noncore, 0.75, 10, 10, , 20, 63, 0.2115941047668457, 16.867300987243652, 64000, 0.023923529505984028, 0.1636176766140478
8, 3, 2, fdbscan_dynamic_noncore, 0.75, 10, 10, , 20, 64, 0.21204757690429688, 17.07934856414795, 65000, 0.023988893109509832, 0.16376440583356827
8, 3, 2, fdbscan_dynamic_noncore, 0.75, 10, 10, , 20, 65, 0.21204829216003418, 17.291396856307983, 66000, 0.023954670425082633, 0.16368714786729288
8, 3, 2, fdbscan_dynamic_noncore, 0.75, 10, 10, , 20, 66, 0.21304774284362793, 17.50444459915161, 67000, 0.023952076792935376, 0.16360989657868835
8, 3, 2, fdbscan_dynamic_noncore, 0.75, 10, 10, , 20, 67, 0.2135765552520752, 17.718021154403687, 68000, 0.023884079486350608, 0.16341396728550633
8, 3, 2, fdbscan_dynamic_noncore, 0.75, 10, 10, , 20, 68, 0.21323919296264648, 17.931260347366333, 69000, 0.023890969692995867, 0.1633406805340047
8, 3, 2, fdbscan_dynamic_noncore, 0.75, 10, 10, , 20, 69, 0.21304798126220703, 18.14430832862854, 70000, 0.023879962412960035, 0.1634063573408064
9, 4, 2, sklearn_dynamic, 0.75, 10, , , , 0, 0.007000923156738281, 0.007000923156738281, 1000, 0.0, 0.0
9, 4, 2, sklearn_dynamic, 0.75, 10, , , , 1, 0.008001565933227539, 0.01500248908996582, 2000, 0.0, 0.0
9, 4, 2, sklearn_dynamic, 0.75, 10, , , , 2, 0.011002302169799805, 0.026004791259765625, 3000, 0.0, 0.0
9, 4, 2, sklearn_dynamic, 0.75, 10, , , , 3, 0.01600360870361328, 0.042008399963378906, 4000, 0.0, 0.0
9, 4, 2, sklearn_dynamic, 0.75, 10, , , , 4, 0.021004199981689453, 0.06301259994506836, 5000, 0.0, 0.0
9, 4, 2, sklearn_dynamic, 0.75, 10, , , , 5, 0.026692867279052734, 0.0897054672241211, 6000, 0.0, 0.0
9, 4, 2, sklearn_dynamic, 0.75, 10, , , , 6, 0.03252863883972168, 0.12223410606384277, 7000, 0.0, 0.0
9, 4, 2, sklearn_dynamic, 0.75, 10, , , , 7, 0.040008544921875, 0.16224265098571777, 8000, -8.526097376231084e-05, 0.0023289100767890174
9, 4, 2, sklearn_dynamic, 0.75, 10, , , , 8, 0.04500985145568848, 0.20725250244140625, 9000, -0.00020248317712023606, 0.007068506577930012
9, 4, 2, sklearn_dynamic, 0.75, 10, , , , 9, 0.05601191520690918, 0.26326441764831543, 10000, -0.00025439464445165135, 0.007985990012468474
9, 4, 2, sklearn_dynamic, 0.75, 10, , , , 10, 0.06801605224609375, 0.3312804698944092, 11000, -0.000320208790981775, 0.010968319586906564
9, 4, 2, sklearn_dynamic, 0.75, 10, , , , 11, 0.07901787757873535, 0.41029834747314453, 12000, -0.000370905939544484, 0.014551456215823102
9, 4, 2, sklearn_dynamic, 0.75, 10, , , , 12, 0.09102034568786621, 0.5013186931610107, 13000, -0.0003866451254601513, 0.017721507268462992
9, 4, 2, sklearn_dynamic, 0.75, 10, , , , 13, 0.1070241928100586, 0.6083428859710693, 14000, -0.00041829687292223907, 0.0238494496653435
9, 4, 2, sklearn_dynamic, 0.75, 10, , , , 14, 0.11902689933776855, 0.7273697853088379, 15000, -0.0004363522252074177, 0.029075511015162533
9, 4, 2, sklearn_dynamic, 0.75, 10, , , , 15, 0.1380302906036377, 0.8654000759124756, 16000, -0.00040837550927077577, 0.03764918706959513
9, 4, 2, sklearn_dynamic, 0.75, 10, , , , 16, 0.1475679874420166, 1.0129680633544922, 17000, -0.00038208670368051914, 0.03867010554171493
9, 4, 2, sklearn_dynamic, 0.75, 10, , , , 17, 0.16103672981262207, 1.1740047931671143, 18000, -0.00019799353098894694, 0.04250928659242864
9, 4, 2, sklearn_dynamic, 0.75, 10, , , , 18, 0.1780397891998291, 1.3520445823669434, 19000, -7.7346052512813e-05, 0.04979792242816673
9, 4, 2, sklearn_dynamic, 0.75, 10, , , , 19, 0.19904470443725586, 1.5510892868041992, 20000, 0.00016197175331806733, 0.0516224592587301
9, 4, 2, sklearn_dynamic, 0.75, 10, , , , 20, 0.21004819869995117, 1.7611374855041504, 21000, 0.0003114319788880407, 0.05381186248913786
9, 4, 2, sklearn_dynamic, 0.75, 10, , , , 21, 0.23325824737548828, 1.9943957328796387, 22000, 0.00048357537767965315, 0.05753982498337165
9, 4, 2, sklearn_dynamic, 0.75, 10, , , , 22, 0.24605536460876465, 2.2404510974884033, 23000, 0.0006617020657407287, 0.06073359870142392
9, 4, 2, sklearn_dynamic, 0.75, 10, , , , 23, 0.2705557346343994, 2.5110068321228027, 24000, 0.0008309373047424054, 0.0638452802190603
9, 4, 2, sklearn_dynamic, 0.75, 10, , , , 24, 0.2995920181274414, 2.810598850250244, 25000, 0.0012175665242646944, 0.06857430467840685
9, 4, 2, sklearn_dynamic, 0.75, 10, , , , 25, 0.30806851387023926, 3.1186673641204834, 26000, 0.0014310566547352612, 0.07203439516877753
9, 4, 2, sklearn_dynamic, 0.75, 10, , , , 26, 0.3391838073730469, 3.4578511714935303, 27000, 0.0028264438933886396, 0.07536961938156986
9, 4, 2, sklearn_dynamic, 0.75, 10, , , , 27, 0.3581211566925049, 3.815972328186035, 28000, 0.003428780794416943, 0.07977206880467355
9, 4, 2, sklearn_dynamic, 0.75, 10, , , , 28, 0.3760843276977539, 4.192056655883789, 29000, 0.004378568334709093, 0.08180476381458389
9, 4, 2, sklearn_dynamic, 0.75, 10, , , , 29, 0.40790462493896484, 4.599961280822754, 30000, 0.004507572681094523, 0.08309024166142924
9, 4, 2, sklearn_dynamic, 0.75, 10, , , , 30, 0.438098669052124, 5.038059949874878, 31000, 0.005361236460316902, 0.08707675168969368
9, 4, 2, sklearn_dynamic, 0.75, 10, , , , 31, 0.4574146270751953, 5.495474576950073, 32000, 0.005834471679032307, 0.09052367583216113
9, 4, 2, sklearn_dynamic, 0.75, 10, , , , 32, 0.48920464515686035, 5.984679222106934, 33000, 0.006302938592974726, 0.09287085804015903
9, 4, 2, sklearn_dynamic, 0.75, 10, , , , 33, 0.5333549976348877, 6.518034219741821, 34000, 0.00741993251706072, 0.09663843161493738
9, 4, 2, sklearn_dynamic, 0.75, 10, , , , 34, 0.5433335304260254, 7.061367750167847, 35000, 0.008080935916529895, 0.10005025872185902
9, 4, 2, sklearn_dynamic, 0.75, 10, , , , 35, 0.5846462249755859, 7.646013975143433, 36000, 0.008262344631512646, 0.10086223093060377
9, 4, 2, sklearn_dynamic, 0.75, 10, , , , 36, 0.6271417140960693, 8.273155689239502, 37000, 0.008630980763686017, 0.1025083057938193
9, 4, 2, sklearn_dynamic, 0.75, 10, , , , 37, 0.637397050857544, 8.910552740097046, 38000, 0.008856920013133132, 0.10309977441988662
9, 4, 2, sklearn_dynamic, 0.75, 10, , , , 38, 0.6686990261077881, 9.579251766204834, 39000, 0.009292934300714486, 0.10541722319584923
9, 4, 2, sklearn_dynamic, 0.75, 10, , , , 39, 0.7232694625854492, 10.302521228790283, 40000, 0.00958658621086212, 0.10718859489404271
9, 4, 2, sklearn_dynamic, 0.75, 10, , , , 40, 0.7362461090087891, 11.038767337799072, 41000, 0.009733872599022765, 0.1076716931047565
9, 4, 2, sklearn_dynamic, 0.75, 10, , , , 41, 0.7762126922607422, 11.814980030059814, 42000, 0.009814781771568875, 0.10789679302205363
9, 4, 2, sklearn_dynamic, 0.75, 10, , , , 42, 0.8057022094726562, 12.62068223953247, 43000, 0.010257771980782988, 0.11005952795820181
9, 4, 2, sklearn_dynamic, 0.75, 10, , , , 43, 0.8602573871612549, 13.480939626693726, 44000, 0.010638100535106072, 0.11185590121658132
9, 4, 2, sklearn_dynamic, 0.75, 10, , , , 44, 0.9062364101409912, 14.387176036834717, 45000, 0.010864023077268517, 0.11285093250764965
9, 4, 2, sklearn_dynamic, 0.75, 10, , , , 45, 0.9144744873046875, 15.301650524139404, 46000, 0.011250408919754313, 0.11454959590201577
9, 4, 2, sklearn_dynamic, 0.75, 10, , , , 46, 0.9640424251556396, 16.265692949295044, 47000, 0.011692561264599723, 0.11653108324245535
9, 4, 2, sklearn_dynamic, 0.75, 10, , , , 47, 1.0153508186340332, 17.281043767929077, 48000, 0.012077160005636101, 0.11808402015042797
9, 4, 2, sklearn_dynamic, 0.75, 10, , , , 48, 1.0507535934448242, 18.3317973613739, 49000, 0.012236838620926116, 0.11866334863577656
9, 4, 2, sklearn_dynamic, 0.75, 10, , , , 49, 1.094008445739746, 19.425805807113647, 50000, 0.012551377922052132, 0.1199116190016376
9, 4, 2, sklearn_dynamic, 0.75, 10, , , , 50, 1.1398046016693115, 20.56561040878296, 51000, 0.012657200619425223, 0.12051235973912701
9, 4, 2, sklearn_dynamic, 0.75, 10, , , , 51, 1.1633849143981934, 21.728995323181152, 52000, 0.01313123809384501, 0.12262366922988958
9, 4, 2, sklearn_dynamic, 0.75, 10, , , , 52, 1.2192318439483643, 22.948227167129517, 53000, 0.013494880747321233, 0.12415141979696807
9, 4, 2, sklearn_dynamic, 0.75, 10, , , , 53, 1.2753667831420898, 24.223593950271606, 54000, 0.013715934787466178, 0.1251622304966766
9, 4, 2, sklearn_dynamic, 0.75, 10, , , , 54, 1.3069233894348145, 25.53051733970642, 55000, 0.013965461913315222, 0.12636609425484976
9, 4, 2, sklearn_dynamic, 0.75, 10, , , , 55, 1.3588354587554932, 26.889352798461914, 56000, 0.014094008772973763, 0.12687372591420792
9, 4, 2, sklearn_dynamic, 0.75, 10, , , , 56, 1.4282736778259277, 28.317626476287842, 57000, 0.014414961793275935, 0.12796157756592239
9, 4, 2, sklearn_dynamic, 0.75, 10, , , , 57, 1.4528477191925049, 29.770474195480347, 58000, 0.014696097671127646, 0.1291387218337591
9, 4, 2, sklearn_dynamic, 0.75, 10, , , , 58, 1.5068962574005127, 31.27737045288086, 59000, 0.014876470191613858, 0.13008573043125393
9, 4, 2, sklearn_dynamic, 0.75, 10, , , , 59, 1.5710630416870117, 32.84843349456787, 60000, 0.015042844079986803, 0.13057732743294811
9, 4, 2, sklearn_dynamic, 0.75, 10, , , , 60, 1.5967462062835693, 34.44517970085144, 61000, 0.015175587891384082, 0.13121343102641572
9, 4, 2, sklearn_dynamic, 0.75, 10, , , , 61, 1.6449551582336426, 36.09013485908508, 62000, 0.015229365053693154, 0.1314513353282689
9, 4, 2, sklearn_dynamic, 0.75, 10, , , , 62, 1.7393238544464111, 37.829458713531494, 63000, 0.015571960695556806, 0.13263641894023506
9, 4, 2, sklearn_dynamic, 0.75, 10, , , , 63, 1.7535924911499023, 39.5830512046814, 64000, 0.015688437768881854, 0.13316821878189702
9, 4, 2, sklearn_dynamic, 0.75, 10, , , , 64, 1.8164713382720947, 41.39952254295349, 65000, 0.015995657523375246, 0.13416029248199676
9, 4, 2, sklearn_dynamic, 0.75, 10, , , , 65, 1.8523216247558594, 43.25184416770935, 66000, 0.016520912620936263, 0.1353544205920584
9, 4, 2, sklearn_dynamic, 0.75, 10, , , , 66, 1.933281421661377, 45.18512558937073, 67000, 0.016619613307924858, 0.13573138861026612
9, 4, 2, sklearn_dynamic, 0.75, 10, , , , 67, 2.0088610649108887, 47.193986654281616, 68000, 0.016800893502460088, 0.13651523015814035
9, 4, 2, sklearn_dynamic, 0.75, 10, , , , 68, 2.0195412635803223, 49.21352791786194, 69000, 0.017012246933228104, 0.1371046553664719
9, 4, 2, sklearn_dynamic, 0.75, 10, , , , 69, 2.2722856998443604, 51.4858136177063, 70000, 0.017142437233240403, 0.1377384138673247
10, 5, 2, Ada_dynamic_dbscan, 0.75186, 10, 12, 20, , 0, 0.10957217216491699, 0.10957217216491699, 1000, 0.0, 0.0
10, 5, 2, Ada_dynamic_dbscan, 0.75186, 10, 12, 20, , 1, 0.11002469062805176, 0.21959686279296875, 2000, -0.0010057136070457599, 0.025927041194736
10, 5, 2, Ada_dynamic_dbscan, 0.75186, 10, 12, 20, , 2, 0.11253046989440918, 0.33212733268737793, 3000, -0.0004876643864146052, 0.05173032591702633
10, 5, 2, Ada_dynamic_dbscan, 0.75186, 10, 12, 20, , 3, 0.11502599716186523, 0.44715332984924316, 4000, 0.0006279902830564607, 0.06372790350932256
10, 5, 2, Ada_dynamic_dbscan, 0.75186, 10, 12, 20, , 4, 0.1160421371459961, 0.5631954669952393, 5000, 0.0012830560145476698, 0.07773182581055453
10, 5, 2, Ada_dynamic_dbscan, 0.75186, 10, 12, 20, , 5, 0.22004961967468262, 0.7832450866699219, 6000, 0.00636573528954995, 0.11694621670536144
10, 5, 2, Ada_dynamic_dbscan, 0.75186, 10, 12, 20, , 6, 0.13302993774414062, 0.9162750244140625, 7000, 0.009855652022267191, 0.13453069280493227
10, 5, 2, Ada_dynamic_dbscan, 0.75186, 10, 12, 20, , 7, 0.13869714736938477, 1.0549721717834473, 8000, 0.022663476487983582, 0.16297374378722643
10, 5, 2, Ada_dynamic_dbscan, 0.75186, 10, 12, 20, , 8, 0.13403034210205078, 1.189002513885498, 9000, 0.02420015267292008, 0.16722438486442837
10, 5, 2, Ada_dynamic_dbscan, 0.75186, 10, 12, 20, , 9, 0.138031005859375, 1.327033519744873, 10000, 0.02740921239720005, 0.17616101064815076
10, 5, 2, Ada_dynamic_dbscan, 0.75186, 10, 12, 20, , 10, 0.13703083992004395, 1.464064359664917, 11000, 0.029207109244366203, 0.1813294344043076
10, 5, 2, Ada_dynamic_dbscan, 0.75186, 10, 12, 20, , 11, 0.24545669555664062, 1.7095210552215576, 12000, 0.03127876585792081, 0.18687856072786743
10, 5, 2, Ada_dynamic_dbscan, 0.75186, 10, 12, 20, , 12, 0.14103150367736816, 1.8505525588989258, 13000, 0.032033877056170286, 0.18849763474044925
10, 5, 2, Ada_dynamic_dbscan, 0.75186, 10, 12, 20, , 13, 0.13762569427490234, 1.9881782531738281, 14000, 0.03283061955246259, 0.19056922834413106
10, 5, 2, Ada_dynamic_dbscan, 0.75186, 10, 12, 20, , 14, 0.1470327377319336, 2.1352109909057617, 15000, 0.03418722403239424, 0.1975467547156875
10, 5, 2, Ada_dynamic_dbscan, 0.75186, 10, 12, 20, , 15, 0.14603304862976074, 2.2812440395355225, 16000, 0.03567429162316892, 0.2021548354817106
10, 5, 2, Ada_dynamic_dbscan, 0.75186, 10, 12, 20, , 16, 0.14203214645385742, 2.42327618598938, 17000, 0.03616572738759698, 0.20287184997345423
10, 5, 2, Ada_dynamic_dbscan, 0.75186, 10, 12, 20, , 17, 0.14303207397460938, 2.5663082599639893, 18000, 0.03602674514186679, 0.20326827924708532
10, 5, 2, Ada_dynamic_dbscan, 0.75186, 10, 12, 20, , 18, 0.27712583541870117, 2.8434340953826904, 19000, 0.03781037098530918, 0.2082000332637604
10, 5, 2, Ada_dynamic_dbscan, 0.75186, 10, 12, 20, , 19, 0.1470334529876709, 2.9904675483703613, 20000, 0.03955387236225419, 0.2133044022182358
10, 5, 2, Ada_dynamic_dbscan, 0.75186, 10, 12, 20, , 20, 0.15403485298156738, 3.1445024013519287, 21000, 0.04077933002721051, 0.21638538300062815
10, 5, 2, Ada_dynamic_dbscan, 0.75186, 10, 12, 20, , 21, 0.16494488716125488, 3.3094472885131836, 22000, 0.04137125696849392, 0.2188639576714736
10, 5, 2, Ada_dynamic_dbscan, 0.75186, 10, 12, 20, , 22, 0.16203641891479492, 3.4714837074279785, 23000, 0.041846552113450224, 0.22103806468304688
10, 5, 2, Ada_dynamic_dbscan, 0.75186, 10, 12, 20, , 23, 0.16103649139404297, 3.6325201988220215, 24000, 0.04239665335639794, 0.2223617189731566
10, 5, 2, Ada_dynamic_dbscan, 0.75186, 10, 12, 20, , 24, 0.15757465362548828, 3.7900948524475098, 25000, 0.042264678277198396, 0.22273609891923105
10, 5, 2, Ada_dynamic_dbscan, 0.75186, 10, 12, 20, , 25, 0.1600360870361328, 3.9501309394836426, 26000, 0.04255004955731844, 0.2238696989798286
10, 5, 2, Ada_dynamic_dbscan, 0.75186, 10, 12, 20, , 26, 0.3242926597595215, 4.274423599243164, 27000, 0.042739538681322166, 0.2248577567904002
10, 5, 2, Ada_dynamic_dbscan, 0.75186, 10, 12, 20, , 27, 0.16741633415222168, 4.441839933395386, 28000, 0.04279815469522408, 0.2254293779934016
10, 5, 2, Ada_dynamic_dbscan, 0.75186, 10, 12, 20, , 28, 0.16060805320739746, 4.602447986602783, 29000, 0.04297489247741976, 0.22612310443179875
10, 5, 2, Ada_dynamic_dbscan, 0.75186, 10, 12, 20, , 29, 0.1758100986480713, 4.7782580852508545, 30000, 0.0435088501820337, 0.2272529318327999
10, 5, 2, Ada_dynamic_dbscan, 0.75186, 10, 12, 20, , 30, 0.16603732109069824, 4.944295406341553, 31000, 0.0440077976087051, 0.2289780169301383
10, 5, 2, Ada_dynamic_dbscan, 0.75186, 10, 12, 20, , 31, 0.1690382957458496, 5.113333702087402, 32000, 0.0442726869737339, 0.22953978160541752
10, 5, 2, Ada_dynamic_dbscan, 0.75186, 10, 12, 20, , 32, 0.16674017906188965, 5.280073881149292, 33000, 0.04468003313112362, 0.23078678156409313
10, 5, 2, Ada_dynamic_dbscan, 0.75186, 10, 12, 20, , 33, 0.177581787109375, 5.457655668258667, 34000, 0.044877858592950765, 0.23167832163140284
10, 5, 2, Ada_dynamic_dbscan, 0.75186, 10, 12, 20, , 34, 0.17703962326049805, 5.634695291519165, 35000, 0.045164788694608965, 0.23251025432572867
10, 5, 2, Ada_dynamic_dbscan, 0.75186, 10, 12, 20, , 35, 0.1692945957183838, 5.803989887237549, 36000, 0.04531056245124703, 0.2328539731875075
10, 5, 2, Ada_dynamic_dbscan, 0.75186, 10, 12, 20, , 36, 0.3676431179046631, 6.171633005142212, 37000, 0.04504635816287789, 0.23230559758419309
10, 5, 2, Ada_dynamic_dbscan, 0.75186, 10, 12, 20, , 37, 0.17856955528259277, 6.350202560424805, 38000, 0.04497351400111663, 0.23194886021305344
10, 5, 2, Ada_dynamic_dbscan, 0.75186, 10, 12, 20, , 38, 0.18104076385498047, 6.531243324279785, 39000, 0.04527260527861785, 0.23285514547623937
10, 5, 2, Ada_dynamic_dbscan, 0.75186, 10, 12, 20, , 39, 0.1850416660308838, 6.716284990310669, 40000, 0.04534353040277103, 0.23311708148511492
10, 5, 2, Ada_dynamic_dbscan, 0.75186, 10, 12, 20, , 40, 0.18604183197021484, 6.902326822280884, 41000, 0.04529837781687111, 0.23301581612469244
10, 5, 2, Ada_dynamic_dbscan, 0.75186, 10, 12, 20, , 41, 0.20004534721374512, 7.102372169494629, 42000, 0.045637126236100514, 0.23478525820792603
10, 5, 2, Ada_dynamic_dbscan, 0.75186, 10, 12, 20, , 42, 0.19304347038269043, 7.295415639877319, 43000, 0.04577169191733178, 0.23533202504188586
10, 5, 2, Ada_dynamic_dbscan, 0.75186, 10, 12, 20, , 43, 0.20684146881103516, 7.5022571086883545, 44000, 0.04594781275803935, 0.23615352391723185
10, 5, 2, Ada_dynamic_dbscan, 0.75186, 10, 12, 20, , 44, 0.20804643630981445, 7.710303544998169, 45000, 0.045932268452764526, 0.23628325538787162
10, 5, 2, Ada_dynamic_dbscan, 0.75186, 10, 12, 20, , 45, 0.19404363632202148, 7.90434718132019, 46000, 0.04595812422914333, 0.2366642794094981
10, 5, 2, Ada_dynamic_dbscan, 0.75186, 10, 12, 20, , 46, 0.19704389572143555, 8.101391077041626, 47000, 0.04598968431065156, 0.23674184383420088
10, 5, 2, Ada_dynamic_dbscan, 0.75186, 10, 12, 20, , 47, 0.19704437255859375, 8.29843544960022, 48000, 0.046028029501940466, 0.23699108385101755
10, 5, 2, Ada_dynamic_dbscan, 0.75186, 10, 12, 20, , 48, 0.19504380226135254, 8.493479251861572, 49000, 0.04596801972616167, 0.23671037355594782
10, 5, 2, Ada_dynamic_dbscan, 0.75186, 10, 12, 20, , 49, 0.43433141708374023, 8.927810668945312, 50000, 0.0459816311794853, 0.23695655778974037
10, 5, 2, Ada_dynamic_dbscan, 0.75186, 10, 12, 20, , 50, 0.2050461769104004, 9.132856845855713, 51000, 0.045980444536931404, 0.23710718406676537
10, 5, 2, Ada_dynamic_dbscan, 0.75186, 10, 12, 20, , 51, 0.21504831314086914, 9.347905158996582, 52000, 0.046078928567380564, 0.23742859432064092
10, 5, 2, Ada_dynamic_dbscan, 0.75186, 10, 12, 20, , 52, 0.20604610443115234, 9.553951263427734, 53000, 0.04620781817016127, 0.23786869878169073
10, 5, 2, Ada_dynamic_dbscan, 0.75186, 10, 12, 20, , 53, 0.19864892959594727, 9.752600193023682, 54000, 0.04614752940593882, 0.2376672878141688
10, 5, 2, Ada_dynamic_dbscan, 0.75186, 10, 12, 20, , 54, 0.22605085372924805, 9.97865104675293, 55000, 0.04626848920820652, 0.2384155720773672
10, 5, 2, Ada_dynamic_dbscan, 0.75186, 10, 12, 20, , 55, 0.20663762092590332, 10.185288667678833, 56000, 0.0464165544487304, 0.23900022618637662
10, 5, 2, Ada_dynamic_dbscan, 0.75186, 10, 12, 20, , 56, 0.2091059684753418, 10.394394636154175, 57000, 0.04641039117100118, 0.23930310630193616
10, 5, 2, Ada_dynamic_dbscan, 0.75186, 10, 12, 20, , 57, 0.2160484790802002, 10.610443115234375, 58000, 0.046564316649303085, 0.23984943174665532
10, 5, 2, Ada_dynamic_dbscan, 0.75186, 10, 12, 20, , 58, 0.21723461151123047, 10.827677726745605, 59000, 0.04683776505259222, 0.24172048841766156
10, 5, 2, Ada_dynamic_dbscan, 0.75186, 10, 12, 20, , 59, 0.21872830390930176, 11.046406030654907, 60000, 0.04686909775807396, 0.24227626532314164
10, 5, 2, Ada_dynamic_dbscan, 0.75186, 10, 12, 20, , 60, 0.21858525276184082, 11.264991283416748, 61000, 0.046927707131039824, 0.24251003448641162
10, 5, 2, Ada_dynamic_dbscan, 0.75186, 10, 12, 20, , 61, 0.20581889152526855, 11.470810174942017, 62000, 0.04691182421703504, 0.2424309956422509
10, 5, 2, Ada_dynamic_dbscan, 0.75186, 10, 12, 20, , 62, 0.23105168342590332, 11.70186185836792, 63000, 0.04697576371145168, 0.2427007059455493
10, 5, 2, Ada_dynamic_dbscan, 0.75186, 10, 12, 20, , 63, 0.23729372024536133, 11.939155578613281, 64000, 0.04704335941238505, 0.24353317942124839
10, 5, 2, Ada_dynamic_dbscan, 0.75186, 10, 12, 20, , 64, 0.21904945373535156, 12.158205032348633, 65000, 0.0471087735172792, 0.24399930537275294
10, 5, 2, Ada_dynamic_dbscan, 0.75186, 10, 12, 20, , 65, 0.5202469825744629, 12.678452014923096, 66000, 0.04724962751567187, 0.24436550114479455
10, 5, 2, Ada_dynamic_dbscan, 0.75186, 10, 12, 20, , 66, 0.23658442497253418, 12.91503643989563, 67000, 0.04740661768568811, 0.24518110860396106
10, 5, 2, Ada_dynamic_dbscan, 0.75186, 10, 12, 20, , 67, 0.23875117301940918, 13.153787612915039, 68000, 0.04761586526238113, 0.245889742850052
10, 5, 2, Ada_dynamic_dbscan, 0.75186, 10, 12, 20, , 68, 0.23105192184448242, 13.384839534759521, 69000, 0.0475603150835225, 0.2456184145851847
10, 5, 2, Ada_dynamic_dbscan, 0.75186, 10, 12, 20, , 69, 0.2646031379699707, 13.649442672729492, 70000, 0.047741116346198126, 0.2465847092929246
