trial_id, experiment_id, run_id, algorithm, eps, min_samples, t, d, iter, iter_running_time_s, total_running_time_s, n
1, 1, 1, Ada_dynamic_dbscan, 0.02, 30, 10, 2, 0, 0.19629836082458496, 0.19629836082458496, 1000
1, 1, 1, Ada_dynamic_dbscan, 0.02, 30, 10, 2, 1, 0.2504398822784424, 0.44673824310302734, 2000
1, 1, 1, Ada_dynamic_dbscan, 0.02, 30, 10, 2, 2, 0.344937801361084, 0.7916760444641113, 3000
1, 1, 1, Ada_dynamic_dbscan, 0.02, 30, 10, 2, 3, 0.3928093910217285, 1.1844854354858398, 4000
1, 1, 1, Ada_dynamic_dbscan, 0.02, 30, 10, 2, 4, 0.4433622360229492, 1.627847671508789, 5000
1, 1, 1, Ada_dynamic_dbscan, 0.02, 30, 10, 2, 5, 0.46320366859436035, 2.0910513401031494, 6000
1, 1, 1, Ada_dynamic_dbscan, 0.02, 30, 10, 2, 6, 0.4280691146850586, 2.519120454788208, 7000
1, 1, 1, Ada_dynamic_dbscan, 0.02, 30, 10, 2, 7, 0.43499255180358887, 2.954113006591797, 8000
1, 1, 1, Ada_dynamic_dbscan, 0.02, 30, 10, 2, 8, 0.39752864837646484, 3.3516416549682617, 9000
1, 1, 1, Ada_dynamic_dbscan, 0.02, 30, 10, 2, 9, 0.41663122177124023, 3.768272876739502, 10000
1, 1, 1, Ada_dynamic_dbscan, 0.02, 30, 10, 2, 10, 0.3960888385772705, 4.1643617153167725, 11000
1, 1, 1, Ada_dynamic_dbscan, 0.02, 30, 10, 2, 11, 0.4052152633666992, 4.569576978683472, 12000
1, 1, 1, Ada_dynamic_dbscan, 0.02, 30, 10, 2, 12, 0.41990208625793457, 4.989479064941406, 13000
1, 1, 1, Ada_dynamic_dbscan, 0.02, 30, 10, 2, 13, 0.5154736042022705, 5.504952669143677, 14000
1, 1, 1, Ada_dynamic_dbscan, 0.02, 30, 10, 2, 14, 0.18747401237487793, 5.692426681518555, 14292
